file_name,hash_x,hash_y
010_23_jc_mmn36_wk.cnt,8660ec5ec95ab134407543d7db6da6221fa689cba26d223fa92cef0727c644ae,8660ec5ec95ab134407543d7db6da6221fa689cba26d223fa92cef0727c644ae
010_23_jc_mmn47_wk.cnt,2e4db6a90ef55a137c4e37d5ecf6ba4350393e8408782c5d877df126bc498243,2e4db6a90ef55a137c4e37d5ecf6ba4350393e8408782c5d877df126bc498243
017_23_jc_mmn36_mixed.cnt,56a3c2aaff45b6442f4441109921ec706224cb47c1959d8cdefab8909d2565a9,56a3c2aaff45b6442f4441109921ec706224cb47c1959d8cdefab8909d2565a9
018_23_mc_mmn36_wk.cnt,e60bf12a31563b1adc08cca941c610993ed6c9117761fe5ac3b9d3b3aa925e39,e60bf12a31563b1adc08cca941c610993ed6c9117761fe5ac3b9d3b3aa925e39
011_23_jc_mmn25_2.cnt,a365befdd09a0b7a3bb7725fbc981d5739272396a1bfaf9a6247e6a60cf47466,a365befdd09a0b7a3bb7725fbc981d5739272396a1bfaf9a6247e6a60cf47466
011_23_jc_mmn25.cnt,37d2eb2b8a3d7f56d6f0ca98f7ba458027666e821c982d97cb06c3b020492b9e,37d2eb2b8a3d7f56d6f0ca98f7ba458027666e821c982d97cb06c3b020492b9e
021_23_jc_mmn36_slp.cnt,6704c7355da5cd1dc40b3514a1ebb0e72ade3c2934a02bb125dfc00d12be381e,6704c7355da5cd1dc40b3514a1ebb0e72ade3c2934a02bb125dfc00d12be381e
024_23_jc_mmn36_wk.cnt,72aa3517b5b6a53d17e7ccfb9176437b3fc912a3d7a4ce10ed3b33b5c1dffd74,72aa3517b5b6a53d17e7ccfb9176437b3fc912a3d7a4ce10ed3b33b5c1dffd74
015_23_jc_mmn36_wk.cnt,01719589c14ab9a1296a63cc9f424439c51d4aaa400623721f254c5de1c59b45,01719589c14ab9a1296a63cc9f424439c51d4aaa400623721f254c5de1c59b45
027_23_jc_mmn36_wk.cnt,02f360d9212be1af12cff64cf0d4a6a03e62900afa0519720c34b548ca941aa4,02f360d9212be1af12cff64cf0d4a6a03e62900afa0519720c34b548ca941aa4
019_23_mc_mmn36_wk.cnt,92eacad09c8129666e06d54dd1bb757f730a21985c4a33e7cf1b64b3569fc09b,92eacad09c8129666e06d54dd1bb757f730a21985c4a33e7cf1b64b3569fc09b
025_23_mc_mmn36_wk.cnt,d55d447414d58fd5f0f45da72f64a281e4da60989b32b4ab8403aafab88b7435,d55d447414d58fd5f0f45da72f64a281e4da60989b32b4ab8403aafab88b7435
015_23_jc_mmn25_wk.cnt,d57369da2b5f4d0febf8332b535a2fd54bc8ed245aa7832dc756d1adbd70f7dd,d57369da2b5f4d0febf8332b535a2fd54bc8ed245aa7832dc756d1adbd70f7dd
024_23_jc_mmn36_2_wk.cnt,00d1ac1fa4528227a5f6c63d60a58a695a3953dc386cf58a2fe61ffb6c5b0ff0,00d1ac1fa4528227a5f6c63d60a58a695a3953dc386cf58a2fe61ffb6c5b0ff0
029_23_mc_mmn25_slp.cnt,eed4fa0cb08ddd91f67b87df4d6a48b997ff750a7bf5e1bc6d4566fdc6d25d1c,eed4fa0cb08ddd91f67b87df4d6a48b997ff750a7bf5e1bc6d4566fdc6d25d1c
029_23_mc_mmn36_slp.cnt,ca98eb704253b38170285483c777fef1f3de70175a8a54468f60c0917d0dc300,ca98eb704253b38170285483c777fef1f3de70175a8a54468f60c0917d0dc300
028_23_mc_mmn36_2_wk.cnt,999e01272a8f62fd55d16ffdf22aeb2f4fdeed109b8c873851064ec8146acf6c,999e01272a8f62fd55d16ffdf22aeb2f4fdeed109b8c873851064ec8146acf6c
028_23_mc_mmn36_wk.cnt,d048d05eb165581adf3fcf404a20b91b3a8e759d14594e761d8a4ce5a71df25c,d048d05eb165581adf3fcf404a20b91b3a8e759d14594e761d8a4ce5a71df25c
023_23_mc_mmn36.cnt,02e7a9a4f1cc86a2d67f4eb5297ddca84a86b9835c6954f434fc30d13ea2023e,02e7a9a4f1cc86a2d67f4eb5297ddca84a86b9835c6954f434fc30d13ea2023e
027_23_jc_mmn25_wk.cnt,e279bdf41adfd1dc0c05fd00d4079a54a259aa677bb973327769d29c4134e709,e279bdf41adfd1dc0c05fd00d4079a54a259aa677bb973327769d29c4134e709
030_23_jc_mmn36_2_wk.cnt,41c14f7e2e08ef64a09f0c9423aacf12d311ea22e017a41f315d249ac1bc0d62,41c14f7e2e08ef64a09f0c9423aacf12d311ea22e017a41f315d249ac1bc0d62
137_23_mr_mmn25_wk.cnt,c7ae9373b5ac7d496adb116af525739552e8c336cc50ce038db126893ea63839,c7ae9373b5ac7d496adb116af525739552e8c336cc50ce038db126893ea63839
149_23_mr_mmn25.cnt,e322badbcf13fde1dd13b612b9bce9b3c16adb866bf1bf921f8cd694e223aba3,e322badbcf13fde1dd13b612b9bce9b3c16adb866bf1bf921f8cd694e223aba3
031_23_mc_mmn36_2_wk.cnt,f10b05971ceca2630f7c69535a80fa2f9dea5b3c6dd60a067bbc993aeb9e095a,f10b05971ceca2630f7c69535a80fa2f9dea5b3c6dd60a067bbc993aeb9e095a
162_23_mr_mmn36_wk.cnt,e02cddc0a475a57553b5ca2ea6fb4bb876ced852db15a0202de3a91f44722419,e02cddc0a475a57553b5ca2ea6fb4bb876ced852db15a0202de3a91f44722419
123_23_jr_mmn25_wk.cnt,b23fb9707f21e1d58c408dcd63c953ad24f1c227dbe07b7679c004514225dd3e,b23fb9707f21e1d58c408dcd63c953ad24f1c227dbe07b7679c004514225dd3e
135_23_mr_mmn36_2.cnt,b2a6177c66dee8fed3a7667f68fce13c36a5661c7edd5aee039e077a4a20e42e,b2a6177c66dee8fed3a7667f68fce13c36a5661c7edd5aee039e077a4a20e42e
103_23_mr_mmn36_wk_mmn25_wk_mmn47_wk_mmn58_wk.cnt,f85383a340dd7dbbdc586c3ee3f3d39f03130a953c3e8f0d488cc44fa4caa54d,f85383a340dd7dbbdc586c3ee3f3d39f03130a953c3e8f0d488cc44fa4caa54d
164_23_jr_mmn36_slp.cnt,9d369f5cf35ad3284d6c600793895507d72e841a74faf925ff7a8f263ef3cb86,9d369f5cf35ad3284d6c600793895507d72e841a74faf925ff7a8f263ef3cb86
137_23_mr_mmn36_wk.cnt,3bf83ccb3078367a1fcfda599e9c144f6995523bf56ba17023151d2be3ab41bb,3bf83ccb3078367a1fcfda599e9c144f6995523bf56ba17023151d2be3ab41bb
139_23_mr_mmn25_1_slp.cnt,2a2600566c3333adf1f4ba86ce062d63dfda636b2e45062ecf231e4f8901665f,2a2600566c3333adf1f4ba86ce062d63dfda636b2e45062ecf231e4f8901665f
139_23_mr_mmn36_1_wk.cnt,f1996c0d529a2c25968f921550ab7e1f080670283f5e0014f25c8e60458709f1,f1996c0d529a2c25968f921550ab7e1f080670283f5e0014f25c8e60458709f1
038_23_jc_mmn36_wk.cnt,163d49a403634d053ab17a89a6d8e7256cbec7ffd6a2d802f934151360eb00a1,163d49a403634d053ab17a89a6d8e7256cbec7ffd6a2d802f934151360eb00a1
121_23_jr_mmn58.cnt,0f357f9718cc1ede789a9f845948911ca3067d6212bf1d91e429fe4907922d27,0f357f9718cc1ede789a9f845948911ca3067d6212bf1d91e429fe4907922d27
142_23_jr_mmn36_wk.cnt,d03aad876fcf1cbe8c148999d2199a583fcda66093c19a28708b9cd349b114cb,d03aad876fcf1cbe8c148999d2199a583fcda66093c19a28708b9cd349b114cb
033_23_mc_mmn25_slp.cnt,a3e65a62332a7d2d93045503b2894ea60035baed4a002b803b0c93adb84091be,a3e65a62332a7d2d93045503b2894ea60035baed4a002b803b0c93adb84091be
147_23_jr_mmn36_wk.cnt,fb0856b68e637a12bc2191385d0d60c4c1938d116e594cf5e850e0a05f17e66b,fb0856b68e637a12bc2191385d0d60c4c1938d116e594cf5e850e0a05f17e66b
142_23_jr_mmn25_wk.cnt,04a42ae85a01094aae3ed2d10d19d0dfc99bb0c301febea628892409d043ec0a,04a42ae85a01094aae3ed2d10d19d0dfc99bb0c301febea628892409d043ec0a
140_23_mr_mmn36_3_wk.cnt,992041e9e80b6addb2b1ef58f95341b353bd927da1f1de10319494ff276ba5b0,992041e9e80b6addb2b1ef58f95341b353bd927da1f1de10319494ff276ba5b0
124_23_jr_mmn36_wk.cnt,624000b9de2d16c278432641a100ffbe0d0d47258124fc23a55a5a5e70de7e86,624000b9de2d16c278432641a100ffbe0d0d47258124fc23a55a5a5e70de7e86
114_23_jr_mmn36_wk_mmn25_wk.cnt,5d8231fb178ee618161e860fb6aced1327ca0d66278eb3a6eee930063495b474,5d8231fb178ee618161e860fb6aced1327ca0d66278eb3a6eee930063495b474
137_23_mr_mmn36_2_wk.cnt,6ef1050fb0960dcc9645ef688c21e5dacb67be47f8fb288b28345b90da3d0659,6ef1050fb0960dcc9645ef688c21e5dacb67be47f8fb288b28345b90da3d0659
039_23_jc_mmn36_wk.cnt,059e020dff51fe303850d87c02802a5e5d08efd738e21b5b07f3fefce34142e6,059e020dff51fe303850d87c02802a5e5d08efd738e21b5b07f3fefce34142e6
157_23_mr_mmn36_2_wk.cnt,7eb0bd1077643e7d89aa9f453a01dd48a79f224c6e2ae6706a73eaddf47a2402,7eb0bd1077643e7d89aa9f453a01dd48a79f224c6e2ae6706a73eaddf47a2402
133_23_jr_mmn36_wk.cnt,4e9d6e4e468189bca7a82bf71874bbfbb399e79ff307a4d49469014c9afdb4da,4e9d6e4e468189bca7a82bf71874bbfbb399e79ff307a4d49469014c9afdb4da
031_23_mc_mmn36_3_wk.cnt,191d79e669d0b6fe08ad70738332e0c1bb89c52ea80bcef7f551d259fff21c81,191d79e669d0b6fe08ad70738332e0c1bb89c52ea80bcef7f551d259fff21c81
139_23_mr_mmn25_2_slp.cnt,1017b7e5a787aaadda293695b9f5d444ec7f80c8fcf9739754e2ff1b35e6d92c,1017b7e5a787aaadda293695b9f5d444ec7f80c8fcf9739754e2ff1b35e6d92c
135_23_mr_mmn36.cnt,e0d28f3782174ab11d84fe568f2f1974688c498159547cd4f66c24cdddac58d7,e0d28f3782174ab11d84fe568f2f1974688c498159547cd4f66c24cdddac58d7
153_23_mr_mmn36_wk.cnt,131ef1321cc0a18b1bb5b2bd5a0e7d0703ab7ceb53949223cad52db359167ced,131ef1321cc0a18b1bb5b2bd5a0e7d0703ab7ceb53949223cad52db359167ced
145_23_mr_mmn47_wk.cnt,1c8f862cad04275777a07387260e1f6b5489ab4ad7bb9cf484b81576c5c50dfb,1c8f862cad04275777a07387260e1f6b5489ab4ad7bb9cf484b81576c5c50dfb
165_23_jr_mmn36_wk.cnt,3b1f779bbc7e1d6f4b2289a671c158fa86f371aa153c39ab7dcedef6e94d29a8,3b1f779bbc7e1d6f4b2289a671c158fa86f371aa153c39ab7dcedef6e94d29a8
158_23_mr_mmn36_wk.cnt,c5e0b73e9f3716c09de5e5c2c7f2888f3ebe15a84a4c05625777c043763786bb,c5e0b73e9f3716c09de5e5c2c7f2888f3ebe15a84a4c05625777c043763786bb
156_23_jr_mmn36_slp.cnt,900d26d1530e88d373592859abb26ca86cd9df5f20b642d60200ab0bbfbe4316,900d26d1530e88d373592859abb26ca86cd9df5f20b642d60200ab0bbfbe4316
036_23_mc_mmn36_wk.cnt,9d0fcb238ee371e6ba6f02ca685c0dddedeb30ac61eed4e30af4eb8b84237538,9d0fcb238ee371e6ba6f02ca685c0dddedeb30ac61eed4e30af4eb8b84237538
150_23_jr_mmn36_wk.cnt,c3c4b23b954f13270134fc34775031cab3ef33054c6acb3796f72526f9656e1c,c3c4b23b954f13270134fc34775031cab3ef33054c6acb3796f72526f9656e1c
107_23_mr_mmn36_wk_mmn25_wk.cnt,f623d8c42e2d119713f6def9ceafad8199ce639e17fcef94c6af0be720f51437,f623d8c42e2d119713f6def9ceafad8199ce639e17fcef94c6af0be720f51437
136_23_mr_mmn2-2-5.cnt,6d4bbf71ddb94260582216c678df600a0b1dd2091e8829b1c31a40bda0a6d3f2,6d4bbf71ddb94260582216c678df600a0b1dd2091e8829b1c31a40bda0a6d3f2
102_23_jr_mmn36_wk_mmn25_wk.cnt,11a999f2ef33e59f79f19516e9579a407683a914a1fdc88a1b6f3f32655edd2b,11a999f2ef33e59f79f19516e9579a407683a914a1fdc88a1b6f3f32655edd2b
115_23_mr_mmn36_wk_mmn25_wk.cnt,52536e56f9cfd660632e8acd650983ccc94959424aaa557ae1689748545474fc,52536e56f9cfd660632e8acd650983ccc94959424aaa557ae1689748545474fc
033_23_mc_mmn36_slp.cnt,a92fde5f943f1da906844278d2c6112ec8334340da81f562905a5df688d4720b,a92fde5f943f1da906844278d2c6112ec8334340da81f562905a5df688d4720b
167_23_mr_mmn36_wk.cnt,575435eb7f124467caaff02b1cc741b171536aa442ee081bdc33ee2d09ec7cb4,575435eb7f124467caaff02b1cc741b171536aa442ee081bdc33ee2d09ec7cb4
141_23_jr_mmn36_slp_3.cnt,8f938981ae4b44c64174b4b70055d5f9553cb526e88a1f6ae357a0901e6816da,8f938981ae4b44c64174b4b70055d5f9553cb526e88a1f6ae357a0901e6816da
130_23_jr_mmn36_wk.cnt,385dc06bc19efaff3aa5ca9448ca34108f4580a156623cada6c64d8601d06cbb,385dc06bc19efaff3aa5ca9448ca34108f4580a156623cada6c64d8601d06cbb
121_23_jr_mmn25.cnt,3a5b15365221433d0ada6a42a4d8eb674af73f1f47bf2c9a65f3fecaa4324c00,3a5b15365221433d0ada6a42a4d8eb674af73f1f47bf2c9a65f3fecaa4324c00
040_23_jc_mmn36_wk.cnt,8265a019e790fda98290ab044e62e1663de83a81b863c33cd4e7d48190e4750d,8265a019e790fda98290ab044e62e1663de83a81b863c33cd4e7d48190e4750d
139_23_mr_mmn36_2_slp.cnt,f0aa3ea1c888d0cb46cc562b1436c1b5fc17392ca371a244ed29b780d6a75b79,f0aa3ea1c888d0cb46cc562b1436c1b5fc17392ca371a244ed29b780d6a75b79
140_23_mr_mmn36_1_wk.cnt,827da7a6f1df89184a5fd687fb171900c4b1524b4d6a5f97ea012101f6601876,827da7a6f1df89184a5fd687fb171900c4b1524b4d6a5f97ea012101f6601876
136_23_mr_mmn36_wk.cnt,046db4d73eccfc446ddfa65d8eab24825f5ee58eaaf19e133e825e1ab8aa8de5,046db4d73eccfc446ddfa65d8eab24825f5ee58eaaf19e133e825e1ab8aa8de5
133_23_jr_mmn25_wk.cnt,d830265dc1f62640bba22f52c828d47eca3bb680d088c9c2e726c33882cbf46e,d830265dc1f62640bba22f52c828d47eca3bb680d088c9c2e726c33882cbf46e
121_23_jr_mmn36.cnt,2dd96cc1a380e60a308f251e2566c10d067e20537be0da8f3caa42d16334ec8c,2dd96cc1a380e60a308f251e2566c10d067e20537be0da8f3caa42d16334ec8c
034_23_mc_mmn36_1.cnt,542bc5c9a7d03cf6b4415670a7acef0ca7fb19e39b992752b0c1ecf23e278fe0,542bc5c9a7d03cf6b4415670a7acef0ca7fb19e39b992752b0c1ecf23e278fe0
124_23_jr_mmn25_wk.cnt,dbf2dbb6a4ac4315c831a3d19894f978a58dabe8256541e1757417e027e51272,dbf2dbb6a4ac4315c831a3d19894f978a58dabe8256541e1757417e027e51272
104_23_jr_mmn36_slp_mmn25_slp_mmn47_slp.cnt,4ef8d588917a6c9468bb0d4440ae6622b0b6a3123a351ebd5ffaca309b681637,4ef8d588917a6c9468bb0d4440ae6622b0b6a3123a351ebd5ffaca309b681637
145_23_mr_mmn25_wk.cnt,2aae3c7e94aea98da2b96bdd94603fb2306165d864d06ba6231b68abaa0d4dc4,2aae3c7e94aea98da2b96bdd94603fb2306165d864d06ba6231b68abaa0d4dc4
147_23_jr_mmn36_3_wk.cnt,4ddd3e78d31d9dbc2bcf3b218ee0d08191f8efe962101fef183f46004d4bce4d,4ddd3e78d31d9dbc2bcf3b218ee0d08191f8efe962101fef183f46004d4bce4d
121_23_jr_mmn47.cnt,bba10c22c7436113f07604ddc3454c78f7322f7531b5e25f84c6513e77e7e342,bba10c22c7436113f07604ddc3454c78f7322f7531b5e25f84c6513e77e7e342
145_23_mr_mmn36_wk.cnt,2591f0deac600ad3901e04255cdb9734532d276c844ed04087250b44e108d733,2591f0deac600ad3901e04255cdb9734532d276c844ed04087250b44e108d733
168_23_jr_mmn36_slp.cnt,0d9a1187019ef17bd003b3c8132d11f3eb4d0deeae4d2bec4ac9a73f9a46a22f,0d9a1187019ef17bd003b3c8132d11f3eb4d0deeae4d2bec4ac9a73f9a46a22f
108_23_jr_mmn36_wk_mmn25_wk.cnt,9d2748a8cc95b9a3f5b454c997eb7c1cf33e737e2fc5d67e436416a8fe75d781,9d2748a8cc95b9a3f5b454c997eb7c1cf33e737e2fc5d67e436416a8fe75d781
149_23_mr_mmn36w.cnt,13b713950bf660b833ccfce1723e05587aa75114dbe2a01d8b438375814aa46d,13b713950bf660b833ccfce1723e05587aa75114dbe2a01d8b438375814aa46d
031_23_mc_mmn36_wk.cnt,21c50b70272791e51b31036a0e697701b445567ed07ca62eca101a87fa5e90bf,21c50b70272791e51b31036a0e697701b445567ed07ca62eca101a87fa5e90bf
154_23_jr_mmn36_wk.cnt,04dd853db2c88bfd6330f429cab95a8873cba7ab8fce85983ddccb6656c2e05a,04dd853db2c88bfd6330f429cab95a8873cba7ab8fce85983ddccb6656c2e05a
126_23_mr_mmn36_slp_mmn25_slp_mmn47_slp_mmn58_slp.cnt,d04575dd5a6ceacf57a4138dd788254c1a64aa24baf0b052ad3b82366a5e46a4,d04575dd5a6ceacf57a4138dd788254c1a64aa24baf0b052ad3b82366a5e46a4
133_23_jr_mmn47_wk.cnt,9f4cc2b4aa185bf63d55f9a4dd147b9d0dcc9c1e0ed113c46f4b6fdaff86aa93,9f4cc2b4aa185bf63d55f9a4dd147b9d0dcc9c1e0ed113c46f4b6fdaff86aa93
141_23_jr_mmn36_wk_2.cnt,d046fcc0fb9a9b914c2789aaca6a27b10d01dd56a35905664eadf3fb018b6efa,d046fcc0fb9a9b914c2789aaca6a27b10d01dd56a35905664eadf3fb018b6efa
164_23_jr_mmn25_slp.cnt,b1a72c0874450b3ca288866e7b2b4868ca659e3533665f3ad78e683f2b665bd5,b1a72c0874450b3ca288866e7b2b4868ca659e3533665f3ad78e683f2b665bd5
105_23_mr_mmn36_wk_mmn25_wk.cnt,95b20477493f8da3346aab6fb65af7f5fac3eb156c870350f6045b71d8c89c03,95b20477493f8da3346aab6fb65af7f5fac3eb156c870350f6045b71d8c89c03
128_23_jr_mmn36_wk.cnt,aba97c0a22d8acd6d25c07308fcadfe53f53ad010662a0ac8f76481e8652a15a,aba97c0a22d8acd6d25c07308fcadfe53f53ad010662a0ac8f76481e8652a15a
159_23_jr_mmn36_2.cnt,27b2ab73aab6565616c851fd9308b0cbf2087cc4ad94685f4f7c6b2580c0141d,27b2ab73aab6565616c851fd9308b0cbf2087cc4ad94685f4f7c6b2580c0141d
159_23_jr_mmn36_3.cnt,87c9a6c2d075aca1da096702a7c581688784fff3ddd2cc4f45e010f2b7f74f59,87c9a6c2d075aca1da096702a7c581688784fff3ddd2cc4f45e010f2b7f74f59
142_23_jr_mmn36_wk2.cnt,c3e5e776c8e59a9ba069b6172474e392c75839b3aad20060350cbfb84878af31,c3e5e776c8e59a9ba069b6172474e392c75839b3aad20060350cbfb84878af31
166-488-23m-jr-mmn36.cnt,4c33e424dae3ee8441adfaff778301ba30e0bdf88a1756279d1d8301973d7f77,4c33e424dae3ee8441adfaff778301ba30e0bdf88a1756279d1d8301973d7f77
040_23_jc_mmn25_wk.cnt,1e1f89056cd7154cb1544a6a520dc684a643fd8d4557d0787a065a58b74413f9,1e1f89056cd7154cb1544a6a520dc684a643fd8d4557d0787a065a58b74413f9
157_23_mr_mmn36_wk.cnt,63fceff79ba699e48cd0af6372fb77483ccd60b4dd604347d300bb2f60b2f048,63fceff79ba699e48cd0af6372fb77483ccd60b4dd604347d300bb2f60b2f048
140_23_mr_mmn36_2_wk.cnt,9b10f877361baa2b24f32823d8b0e4435a3beba653fb2a41b66816540aa7614d,9b10f877361baa2b24f32823d8b0e4435a3beba653fb2a41b66816540aa7614d
141_23_jr_mmn36_wk_1.cnt,a22ef0adf7ef6ef786f92d564f6d22114ac0be78dc546fe3b4ee9f29d7deb234,a22ef0adf7ef6ef786f92d564f6d22114ac0be78dc546fe3b4ee9f29d7deb234
159_23_jr_mmn36.cnt,b7ccfa41f224c51420bfb0a95026e2f7d905e5f9ca878f2379f1306e323700eb,b7ccfa41f224c51420bfb0a95026e2f7d905e5f9ca878f2379f1306e323700eb
130_23_jr_mmn47_wk.cnt,01c883835db40c74c6c0a444b51dc98784a336011b44eb4115d9680d8f0dda04,01c883835db40c74c6c0a444b51dc98784a336011b44eb4115d9680d8f0dda04
144_23_jr_mmn36_slp.cnt,1d42f972fdb65cc054884dbc9dd0e87b7cba3cee6f10279fce8addd21fdf9445,1d42f972fdb65cc054884dbc9dd0e87b7cba3cee6f10279fce8addd21fdf9445
165_23_jr_mmn25_wk.cnt,5794fa33c9c5ca905eb59a7c836ccfde586564071219d040ca7d74eadff48ab5,5794fa33c9c5ca905eb59a7c836ccfde586564071219d040ca7d74eadff48ab5
123_23_jr_mmn36_wk.cnt,c3617922a0d64451e6b4646867d69389f3145cb553bb18bfc571672637cc0c78,c3617922a0d64451e6b4646867d69389f3145cb553bb18bfc571672637cc0c78
035_23_jc_mmn36_slp.cnt,e2a74708ac38d5e004f2cfa81d1149100dfed9c5efa1db5348b74b8549e640b6,e2a74708ac38d5e004f2cfa81d1149100dfed9c5efa1db5348b74b8549e640b6
168_23_jr_mmn36_mixed.cnt,250be514d6a1a5b1d4b9f214711b159cc3459e4e0c30c524ba58b639b7367912,250be514d6a1a5b1d4b9f214711b159cc3459e4e0c30c524ba58b639b7367912
163_23_jr_mmn25_wk.cnt,9ca79c25c2d06fad3010e671ec4df998186aad78501fd258626cb3de211ac73c,9ca79c25c2d06fad3010e671ec4df998186aad78501fd258626cb3de211ac73c
109_23_jr_mmn36_wk.cnt,35a1f9226b5b376556648b7df6f0e0eb5e4e44db4be618fa1eab85a4ef9e930a,35a1f9226b5b376556648b7df6f0e0eb5e4e44db4be618fa1eab85a4ef9e930a
147_23_jr_mmn36_2_wk.cnt,54b31f3f42debccb5054898332b295048919621642c4a5cea4d28e16022d83e4,54b31f3f42debccb5054898332b295048919621642c4a5cea4d28e16022d83e4
040_23_jc_mmn47_wk.cnt,0a6ca098aee93bc88e9f33e3da5879433c6b8e31968ac662f6a485a175db0303,0a6ca098aee93bc88e9f33e3da5879433c6b8e31968ac662f6a485a175db0303
118_23_mr_mmn36_wk_mmn25_wk.cnt,fef282b7c4138259c00a418f995ac0d816a4efde2f4c1e8426c47cce761dac64,fef282b7c4138259c00a418f995ac0d816a4efde2f4c1e8426c47cce761dac64
156_23_jr_mmn36_2.cnt,312cf6077a04eeb02770e3328efa304bbe5f6c1195ecbaaefc3c5b807deae4b2,312cf6077a04eeb02770e3328efa304bbe5f6c1195ecbaaefc3c5b807deae4b2
110_23_jr_mmn36_wk_mmn25_wk.cnt,bfa70bde2eca0c73d978e85983c6717df7ce1b90d1a845768a7a8386dea2ecae,bfa70bde2eca0c73d978e85983c6717df7ce1b90d1a845768a7a8386dea2ecae
148_23_mr_mmn36_wk.cnt,cd07c0d2e40f1713b9e9a621c71ba609ac3971ffad8cc5855af2f3287d1bc8c9,cd07c0d2e40f1713b9e9a621c71ba609ac3971ffad8cc5855af2f3287d1bc8c9
122_23_jr_mmn36_wk_mmn25_wk.cnt,254951afbb071a6dd5e9eb9588aa55e2854bb5ae0145abd368e87fc353fcf77f,254951afbb071a6dd5e9eb9588aa55e2854bb5ae0145abd368e87fc353fcf77f
163_23_jr_mmn36_wk.cnt,4a807986215218c4752833fd720972e8c4006af57f2b0052e1bc6291b549111e,4a807986215218c4752833fd720972e8c4006af57f2b0052e1bc6291b549111e
173_23_jr_mmn36_wk.cnt,c2a80a1dfaa762fbf9fbfbb4b2e0f79e12a0c55de79e0a940b276d7f4246ec63,c2a80a1dfaa762fbf9fbfbb4b2e0f79e12a0c55de79e0a940b276d7f4246ec63
168_23_jr_mmn25_slp.cnt,8d2a792d3fa01127fc1591f2334461d144379b3dbdf9beb465d1beb57384fd73,8d2a792d3fa01127fc1591f2334461d144379b3dbdf9beb465d1beb57384fd73
169_23_jr_mmn36_wk.cnt,ad6788866e29e3c07e1c9abde140ed4806588b0a71ecd728344419076363f20b,ad6788866e29e3c07e1c9abde140ed4806588b0a71ecd728344419076363f20b
178_23_jd_mmn36.cnt,b9f9ec0f0141d616e133b80a8d28a435015df5fec4588ef2b0d5ce6724efaf8a,b9f9ec0f0141d616e133b80a8d28a435015df5fec4588ef2b0d5ce6724efaf8a
166-488-23m-jr-mmn36-2.cnt,935916d23b927de4e03970d8b8207f9d1d5275bf2c8ed7c7a0bcd95e3bce6dd8,935916d23b927de4e03970d8b8207f9d1d5275bf2c8ed7c7a0bcd95e3bce6dd8
030_23_jc_mmn36_wk.cnt,e431c1b7f9cb03c40f1d7d25b2fceeeffb5de1439c9fa6ddc8282ab5f50a71ab,e431c1b7f9cb03c40f1d7d25b2fceeeffb5de1439c9fa6ddc8282ab5f50a71ab
149_23_mr_mmn36.cnt,fcf5af1c80e916f597acf55d9ad6d29b9e0656adbaa1f341aaa0ade315ce03d1,fcf5af1c80e916f597acf55d9ad6d29b9e0656adbaa1f341aaa0ade315ce03d1
150_23_jr_mmn25_wk.cnt,36488820cd87fdc324751f99ebd4487ca13f18ba8acfb13a8a13ddaba873d043,36488820cd87fdc324751f99ebd4487ca13f18ba8acfb13a8a13ddaba873d043
182_23_jd_mmn36.cnt,dcf0cfa4f4b827bca644762fb661bc806d873187fc0735e20d0d73db34e99e7a,dcf0cfa4f4b827bca644762fb661bc806d873187fc0735e20d0d73db34e99e7a
130_23_jr_mmn25_wk.cnt,b254d37cf97edd77a156429f76e813859737cedd63dab45904eae4ce085a758f,b254d37cf97edd77a156429f76e813859737cedd63dab45904eae4ce085a758f
301_23_jc_mmn36_wk.cnt,3efe8151e29e424879e7a520b1ed85deab7f4c96e2307f9ffac193616f5fd846,3efe8151e29e424879e7a520b1ed85deab7f4c96e2307f9ffac193616f5fd846
170_23_mr_mmn36_wk_2.cnt,732dc1c925cff9bf58f5987df7b22c4c0dfefc20f9c14d80e93b6a6ecd104118,732dc1c925cff9bf58f5987df7b22c4c0dfefc20f9c14d80e93b6a6ecd104118
176_23_mr_mmn36_slp.cnt,420f8f13d1aee6d427aab10b6c34ddd0587b30a970876b0b3d3deeeafa03a858,420f8f13d1aee6d427aab10b6c34ddd0587b30a970876b0b3d3deeeafa03a858
133_23_jr_mmn58_wk.cnt,e5f405381893df80a95a881daa8682929c2e0dff83b048b33457ec98a1880955,e5f405381893df80a95a881daa8682929c2e0dff83b048b33457ec98a1880955
170_23_mr_mmn36_slp.cnt,d36e61a711cb17d5b23f20fe6e702f081f1c14989c5c5c31042b233ba32bc424,d36e61a711cb17d5b23f20fe6e702f081f1c14989c5c5c31042b233ba32bc424
303_23_mc_mmn25_wk.cnt,69fc5b42d5f22209ab06eadb7889476d19119cdf3786b9622038af1c1220c3d5,69fc5b42d5f22209ab06eadb7889476d19119cdf3786b9622038af1c1220c3d5
170_23_mr_mmn36_wk.cnt,4a84460bbbc3ae651060aa6bcdc282c00cf1476552f31c2d7f167d97ddf61714,4a84460bbbc3ae651060aa6bcdc282c00cf1476552f31c2d7f167d97ddf61714
306_23_mc_mmn36_wk.cnt,075996de0c68bdcf7a23d41ed57b2692abcd24c11133cfb86fbdfe6ad49e0acb,075996de0c68bdcf7a23d41ed57b2692abcd24c11133cfb86fbdfe6ad49e0acb
176_23_mr_mmn36.cnt,e7b986166446b329834da38633e8fdb4c120b4e09a5c78d2a9e4dd3fb9dad33b,e7b986166446b329834da38633e8fdb4c120b4e09a5c78d2a9e4dd3fb9dad33b
308_23_jc_mmn36_wk.cnt,a5c857ca7781d557f530e9a3d66660e1b3f0cd0058a964ebc8364da424f01a17,a5c857ca7781d557f530e9a3d66660e1b3f0cd0058a964ebc8364da424f01a17
173_23_jr_mmn25_wk.cnt,8cddff5fb3495756efe0d5a137afe8033dd260b19ff9b66cf5d576f5e9d9e9c1,8cddff5fb3495756efe0d5a137afe8033dd260b19ff9b66cf5d576f5e9d9e9c1
302_23_mc_mmn25_wk.cnt,7cdfde1c93e62c35345c68495c88937bd25bc0896dcacfa408ceffb8f8791a55,7cdfde1c93e62c35345c68495c88937bd25bc0896dcacfa408ceffb8f8791a55
310_23_jc_mmn25_wk.cnt,86e89fb0feb80c11b355fc564424a10d853133b6bec2bf2e25b78cca89d261dc,86e89fb0feb80c11b355fc564424a10d853133b6bec2bf2e25b78cca89d261dc
307_23_jc_mmn36_slp.cnt,51320e7ae4e04167079d027b73c2c99c456ce06de8660d3ab809b0fbc81e7fc1,51320e7ae4e04167079d027b73c2c99c456ce06de8660d3ab809b0fbc81e7fc1
306_23_mc_mmn25_wk.cnt,05b3329f81d04dcbc85d80e89ff88dd1f7c5075aa985cdb938e8eccdbe84475d,05b3329f81d04dcbc85d80e89ff88dd1f7c5075aa985cdb938e8eccdbe84475d
308_23_jc_mmn25_wk.cnt,fd43c22cb5f3a33dc0cb56323ad17259f685641829b237e96f811278fc577777,fd43c22cb5f3a33dc0cb56323ad17259f685641829b237e96f811278fc577777
301_23_jc_mmn25_wk.cnt,61725eb81bed4caf431b37b7433cbc96abf8b676fa3f7f8ce6e2694b6f765bb2,61725eb81bed4caf431b37b7433cbc96abf8b676fa3f7f8ce6e2694b6f765bb2
309_23_jc_mmn36_wk.cnt,a1ed461b2cabcbd2d7346a5e62bc53a697db44bb4ba246419535f6ee866b36b2,a1ed461b2cabcbd2d7346a5e62bc53a697db44bb4ba246419535f6ee866b36b2
172_23_mr_mmn36_slp.cnt,c80ece305bfdcbddfea5f946e3b9e8893346310bed38753140532ce7f8f78c06,c80ece305bfdcbddfea5f946e3b9e8893346310bed38753140532ce7f8f78c06
305_23_jc_mmn36_wk.cnt,aa4c593cfa06f7d424cc97990087f6199cf47711f5b967b4097781ab4bbaabe1,aa4c593cfa06f7d424cc97990087f6199cf47711f5b967b4097781ab4bbaabe1
305_23_jc_mmn25_wk.cnt,6b44ee86fd2e7fcc2b383b67240e54c0c95efadcbf060b677bfb7fa6268f62dd,6b44ee86fd2e7fcc2b383b67240e54c0c95efadcbf060b677bfb7fa6268f62dd
172_23_mr_mmn25_slp.cnt,caa9d723a83fe6f5f88a8192b0f9a4a6f90e57f8733e78ca3a6171ee5e66ac08,caa9d723a83fe6f5f88a8192b0f9a4a6f90e57f8733e78ca3a6171ee5e66ac08
310_23_jc_mmn36_wk.cnt,7ee5645001885e5ac95791e6bac118ac5622b10f8ca16e07590a10bf7e40c304,7ee5645001885e5ac95791e6bac118ac5622b10f8ca16e07590a10bf7e40c304
171_23_jr_mmn36_wk.cnt,094cf1c6948e138063e2950b9c236dc9ca4aeef962f124059c405e154acb7a8d,094cf1c6948e138063e2950b9c236dc9ca4aeef962f124059c405e154acb7a8d
309_23_jc_mmn25_wk.cnt,8adb9e277dcefd6b7e82e22fb60797207042198bb186861a8515f798f3890a27,8adb9e277dcefd6b7e82e22fb60797207042198bb186861a8515f798f3890a27
180_23_mr_mmn36_wk.cnt,0e2ffb87f6c6507db550e10f0e902b4e11ae1692617d10df345d284afa9f9807,0e2ffb87f6c6507db550e10f0e902b4e11ae1692617d10df345d284afa9f9807
302_23_mc_mmn36_wk.cnt,f9bef70ea9f6c71060fa49a395f6dd2fc93c2c1f260f3ddcfa8133937fc03382,f9bef70ea9f6c71060fa49a395f6dd2fc93c2c1f260f3ddcfa8133937fc03382
177_23_jr_mmn36_wk.cnt,be70bb5c052f6ae4fa3dae379e30a8db633eb75da42cf21b0dc22cf385576ed3,be70bb5c052f6ae4fa3dae379e30a8db633eb75da42cf21b0dc22cf385576ed3
172_23_mr_mmn36.cnt,528a584d87ed89febbae74e0300f740d858c5962e3a769b2585aa60f68de67ec,528a584d87ed89febbae74e0300f740d858c5962e3a769b2585aa60f68de67ec
304_23_mc_mmn36_wk.cnt,1619afc3e306c76fc044b2795fce724395a687568baa6d62b56d61b6468c2cbd,1619afc3e306c76fc044b2795fce724395a687568baa6d62b56d61b6468c2cbd
179_23_mr_mmn36_wk.cnt,566c04072c5076727e5ebb7ca7646b92ce4b2dfdd234a8fff707a373e95b9f20,566c04072c5076727e5ebb7ca7646b92ce4b2dfdd234a8fff707a373e95b9f20
174_23_jr_mmn36_wk.cnt,61c8dccbd8ea8503b3f32f18e853095a7a21eeba86d842bc898c63b3c61dbfe6,61c8dccbd8ea8503b3f32f18e853095a7a21eeba86d842bc898c63b3c61dbfe6
307_23_jc_mmn25_mixed.cnt,40fa580cd64111d546e7e372bb2f4cd7d8dffa1ae0aa4b12ddf824ccee17f160,40fa580cd64111d546e7e372bb2f4cd7d8dffa1ae0aa4b12ddf824ccee17f160
303_23_mc_mmn36_wk.cnt,916ccc8ec61ba2a3dd6c9c43e162e3756ee21872b2cee5e045ac30b5ac6606a2,916ccc8ec61ba2a3dd6c9c43e162e3756ee21872b2cee5e045ac30b5ac6606a2
410_23_jd_mmn36_wk.cnt,08b525c709e90863c95566dc41f1ef972fb79ea9f60d1eaaa6d7ffc37984461a,08b525c709e90863c95566dc41f1ef972fb79ea9f60d1eaaa6d7ffc37984461a
401_23_jd_mmn.cnt,c3ad56559b46dc516b8c2ff9d103a2fa53ac8ba44763c752485fae115d773737,c3ad56559b46dc516b8c2ff9d103a2fa53ac8ba44763c752485fae115d773737
326_23_jc_mmn36_wk.cnt,605d304df7d3f351e1936098caaf95338199f31ea5e4177a0e933243f3a33909,605d304df7d3f351e1936098caaf95338199f31ea5e4177a0e933243f3a33909
328_23_jc_mmn36_wk.cnt,f87246c4580a1201300e8f6c2706189c430c6f8135c25560080a852a99bfc1db,f87246c4580a1201300e8f6c2706189c430c6f8135c25560080a852a99bfc1db
334_23_mc_mmn25_wk.cnt,4ab0af6c7f39476df541b8cf2981d89b5a9be05f89ec85ea2b39b5987d9284fd,4ab0af6c7f39476df541b8cf2981d89b5a9be05f89ec85ea2b39b5987d9284fd
314_23_mc_mmn25_wk.cnt,5b5fbd8921a275dd5ebafd58df3c926163ae7546a48080c15eaad82df9e104f0,5b5fbd8921a275dd5ebafd58df3c926163ae7546a48080c15eaad82df9e104f0
340_23_mc_mmn25_wk.cnt,c7c73e1c67eeebc451bd6de8d00c59196414944d91ce1b7e95f4a1826b024ce0,c7c73e1c67eeebc451bd6de8d00c59196414944d91ce1b7e95f4a1826b024ce0
340_23_mc_mmn36_wk.cnt,e185005dd050251a9047c6fcb46e5b048440cfcba305abaa39de1a2a1f90e3c1,e185005dd050251a9047c6fcb46e5b048440cfcba305abaa39de1a2a1f90e3c1
451_23_md_mmn25_wk.cnt,a7fa064fea03403e74e25cd8fd13f5d1c63e53250330d91baad93ca39ae99308,a7fa064fea03403e74e25cd8fd13f5d1c63e53250330d91baad93ca39ae99308
401_23_jd_mmn_2.cnt,6a9dcfe6a13dcc1f6765e40af2c282910284980f3439b6ef4738a689de81f35f,6a9dcfe6a13dcc1f6765e40af2c282910284980f3439b6ef4738a689de81f35f
342_23_jc_mmn25_wk.cnt,d686bf060b2f258a2380bd06a023d38d71894ac930c9ec8f0858f28876e03d3a,d686bf060b2f258a2380bd06a023d38d71894ac930c9ec8f0858f28876e03d3a
337_23_jc_mmn_36_wk.cnt,9f0017e0f1fd0ff2c55e784a9a585945e3459341f1b2297f351d837edae98d22,9f0017e0f1fd0ff2c55e784a9a585945e3459341f1b2297f351d837edae98d22
316_23_mc_mmn25_wk.cnt,a26fb9b57cd3212ce4dbdaf899d586dd2b2166314c855b233034983bf1608f67,a26fb9b57cd3212ce4dbdaf899d586dd2b2166314c855b233034983bf1608f67
328_23_jc_mmn25_wk.cnt,3bfd5daa7aca691b24963e263229e062a7f3aee53e8d4a7332980d4e1bd42aaa,3bfd5daa7aca691b24963e263229e062a7f3aee53e8d4a7332980d4e1bd42aaa
343_23_mc_mmn36_wk.cnt,21fed1e03b41a990038feb870584fb4c6671c6049fa4505c0da16af4b1baf244,21fed1e03b41a990038feb870584fb4c6671c6049fa4505c0da16af4b1baf244
438_23_jd_mmn36_wk.cnt,0befa85bcf919fe6666486eb082fbe71bb1b8944c7c7bff07531759e98482443,0befa85bcf919fe6666486eb082fbe71bb1b8944c7c7bff07531759e98482443
343_23_mc_mmn25_wk.cnt,5f737171353e3377041398e8e240c01f5d53cbac7ca069958230f494a83ad9f4,5f737171353e3377041398e8e240c01f5d53cbac7ca069958230f494a83ad9f4
412_23_jd_mmn25_wk.cnt,5d84536b5af79c1cf08a748e23fa55582fb1e92140ba95cdd2885f4066ef8dbf,5d84536b5af79c1cf08a748e23fa55582fb1e92140ba95cdd2885f4066ef8dbf
333_23_jc_mmn36_wk.cnt,ea1f471d80218a4e82d8d0b9fcd72e74ae55363fa799730548f77cbeef585671,ea1f471d80218a4e82d8d0b9fcd72e74ae55363fa799730548f77cbeef585671
312_23_jc_mmn36_slp.cnt,da127b29a3b0c03f91dc0c956de2de1d3d1dcdb540308500ac8dbd4a4704dab5,da127b29a3b0c03f91dc0c956de2de1d3d1dcdb540308500ac8dbd4a4704dab5
313_23_mc_mmn25_wk.cnt,37aa11b6c672817bf75ab6c1376b98518efcb704bb88c5084d2fb1a40d5daff1,37aa11b6c672817bf75ab6c1376b98518efcb704bb88c5084d2fb1a40d5daff1
443_23_jd_mmn36_wk.cnt,b2d4616dbcd132459f18721129a2038d148b7a40d71d27e1948f6842ad82e886,b2d4616dbcd132459f18721129a2038d148b7a40d71d27e1948f6842ad82e886
323_23_mc_mmn36_wk.cnt,08d841081b5e60dc2161112e037a149bd25ff22b0ca68e2b313b38f73076c1fd,08d841081b5e60dc2161112e037a149bd25ff22b0ca68e2b313b38f73076c1fd
453_23_jd_mmn25_wk.cnt,fa9baa0dc34d0596cd4a9c243f3d8c4ee68140b5c7c52b3e3ff9406567ca896b,fa9baa0dc34d0596cd4a9c243f3d8c4ee68140b5c7c52b3e3ff9406567ca896b
314_23_mc_mmn36_wk.cnt,de16c2ba28e53a86b9de5e4018129758ebf0f32ca6651bfcd7457d6ece5c8b63,de16c2ba28e53a86b9de5e4018129758ebf0f32ca6651bfcd7457d6ece5c8b63
346_23_mc_mmn36_wk.cnt,7cd35d162f407f8ae2799ada806c3caecf0b3ebe449e066679ddf65c58d57adc,7cd35d162f407f8ae2799ada806c3caecf0b3ebe449e066679ddf65c58d57adc
321_23_mc_mmn36_wk.cnt,7bde27db2a9d15f3da74cae1881a49c8c29225a322d8caa995de6f49c74e4332,7bde27db2a9d15f3da74cae1881a49c8c29225a322d8caa995de6f49c74e4332
408_23_md_mmn.cnt,181d723e2b5957adddf88d69ff12df283fee960d3df09d42a10e13cd9269e851,181d723e2b5957adddf88d69ff12df283fee960d3df09d42a10e13cd9269e851
445_23_md_mmn36_wk.cnt,02d0321d1c0738b863ff9dae1970c88b75d37f8e8aab664e48fcfab63eb88513,02d0321d1c0738b863ff9dae1970c88b75d37f8e8aab664e48fcfab63eb88513
325_23_mc_mmn36.cnt,05ec582437a7afacf1c129aeac1710cd8448eda713903e2ba07a338e14afdae9,05ec582437a7afacf1c129aeac1710cd8448eda713903e2ba07a338e14afdae9
335_23_mc_mmn36_wk.cnt,74a1b1e8cf149e9060f6f8a3470c0014b986cb37107beef178174f9e67df37d8,74a1b1e8cf149e9060f6f8a3470c0014b986cb37107beef178174f9e67df37d8
313_23_mc_mmn36_wk.cnt,028ecf32e3b672785f71d465710cff578a8603176f3bfb118cdd43925e7bc755,028ecf32e3b672785f71d465710cff578a8603176f3bfb118cdd43925e7bc755
420_23_md_mmn25_wk.cnt,5210552aecf6b2e07d7393fdb9670d1567223dab82676c4d83594f99bc74c495,5210552aecf6b2e07d7393fdb9670d1567223dab82676c4d83594f99bc74c495
429_23_md_mmn36_wk.cnt,e9ae154a21317d7ea124d8dc5615606adc1692f6c021837624aec87eab71d1dd,e9ae154a21317d7ea124d8dc5615606adc1692f6c021837624aec87eab71d1dd
411_23_md_mmn25_wk.cnt,72991167ff2f218a1d76264513f694ea9df1c6a56c68037e6b411e215a2cc224,72991167ff2f218a1d76264513f694ea9df1c6a56c68037e6b411e215a2cc224
435_23_md_mmn25_wk.cnt,7e39b3e9435a1dc514bbb8ec03735dc2d275fc521440d0fc647bf28a0e329bed,7e39b3e9435a1dc514bbb8ec03735dc2d275fc521440d0fc647bf28a0e329bed
429_23_md_mmn25_wk.cnt,06eb4ae520b8f0f82e954b8cf66723af12afc24f3ec5fbb4306c7304a134ce6a,06eb4ae520b8f0f82e954b8cf66723af12afc24f3ec5fbb4306c7304a134ce6a
323_23_mc_mmn25_wk.cnt,8a36c97ba7ec8aa9a6d7cdbd21aeea50512945d4af201d78b8388e271eaebd55,8a36c97ba7ec8aa9a6d7cdbd21aeea50512945d4af201d78b8388e271eaebd55
317_23_mc_mmn25_wk.cnt,22a173475584dc410821176aa16bdab6fe3ae4f431b0036928d1c1fcddbfd639,22a173475584dc410821176aa16bdab6fe3ae4f431b0036928d1c1fcddbfd639
427_23_jd_mmn36_wk.cnt,15c113da8663a4bbde82b27807d37d8891db73bc65c61772ec6f283fceaa2ec4,15c113da8663a4bbde82b27807d37d8891db73bc65c61772ec6f283fceaa2ec4
342_23_jc_mmn36_wk.cnt,2a5f1f638f4178956162724d37e93ec316616f3bd90c3482a2f87304d3d472c6,2a5f1f638f4178956162724d37e93ec316616f3bd90c3482a2f87304d3d472c6
451_23_md_mmn36_wk.cnt,6aa5e00e82b68b7456cf965003664b7544495aa61523aa19cb074686ea452d68,6aa5e00e82b68b7456cf965003664b7544495aa61523aa19cb074686ea452d68
324_23_jc_mmn36_wk.cnt,da36214d5d2a865e95661b43c4dadfadc2de66083f7d269c0c33dce63be9fb31,da36214d5d2a865e95661b43c4dadfadc2de66083f7d269c0c33dce63be9fb31
406_23_md_mmn.cnt,e877cd58908630e6864c9b5beebab2f9c2801c6e3a9b9adb72a19452e18b81b9,e877cd58908630e6864c9b5beebab2f9c2801c6e3a9b9adb72a19452e18b81b9
330_23_mc_mmn36_wk.cnt,bd575a7bdb25fcc19e858ce77e100f72b04a28004d285667671bf4c8280dabe9,bd575a7bdb25fcc19e858ce77e100f72b04a28004d285667671bf4c8280dabe9
312_23_jc_mmn25_mixed.cnt,243b2ad1c49acbbb5545d3d5b3f4d28ea6fb8fee05a6f93c7ee76c48aa043144,243b2ad1c49acbbb5545d3d5b3f4d28ea6fb8fee05a6f93c7ee76c48aa043144
407_23_jd_mmn.cnt,6163949434905aad21ae69d40ce2e23e18ec16469309c128eff3da9990504374,6163949434905aad21ae69d40ce2e23e18ec16469309c128eff3da9990504374
422_23_jd_mmn36_wk.cnt,9c2efe25ea70c07942130a64d368e628ec31ca1d18cc1a607ff46954ca8abc7c,9c2efe25ea70c07942130a64d368e628ec31ca1d18cc1a607ff46954ca8abc7c
435_23_md_mmn36_wk.cnt,f284f6da1004131d61e7d860f9ed6833183f9399cf08827112c8b04373453a87,f284f6da1004131d61e7d860f9ed6833183f9399cf08827112c8b04373453a87
420_23_jd_mmn36_wk.cnt,f6ee0268a07cf4ba773cb82614b0b5275283b577f74865a8e027c1a81dac89a0,f6ee0268a07cf4ba773cb82614b0b5275283b577f74865a8e027c1a81dac89a0
441_23_md_mmn36_wk.cnt,21d15b03b804a9f747bd606da4eeae102c49141d187d5054f82af12008bc5365,21d15b03b804a9f747bd606da4eeae102c49141d187d5054f82af12008bc5365
430_23_md_mmn36_wk.cnt,7facb7450579e9c83ce2f187a21614a69ca40f562d4f82ef5b9581a3105a05a6,7facb7450579e9c83ce2f187a21614a69ca40f562d4f82ef5b9581a3105a05a6
441_23_md_mmn25_wk.cnt,1970565e1e7055b71d624482fa527a0204604fdec701cea3c31a686c937ea148,1970565e1e7055b71d624482fa527a0204604fdec701cea3c31a686c937ea148
413_23_jd_mmn36_wk.cnt,8d900facff08c033becff3138a0652cb685a14fcc0938128ddfd012454a71136,8d900facff08c033becff3138a0652cb685a14fcc0938128ddfd012454a71136
428_23_md_mmn25_wk.cnt,bc2810978f0d793d4383e70341606b219776e89a8750e8724df0b225e50e5f51,bc2810978f0d793d4383e70341606b219776e89a8750e8724df0b225e50e5f51
414_23_jd_mmn25_wk.cnt,4c4db141f369e4a1118e6d4495a6dc1543cd7ab49cf2fa44101327e9b0d368b9,4c4db141f369e4a1118e6d4495a6dc1543cd7ab49cf2fa44101327e9b0d368b9
433_23_jd_mmn25_wk.cnt,53a0307f96820ce6147e19db7565a6346614cc0096b839d671492bafecbffb53,53a0307f96820ce6147e19db7565a6346614cc0096b839d671492bafecbffb53
445_23_md_mmn25_wk.cnt,ea0a2561d6e60cc4770888f385b6ae181fc838a6dfc203b44b534ed8260f1a1e,ea0a2561d6e60cc4770888f385b6ae181fc838a6dfc203b44b534ed8260f1a1e
407_23_jd_mmn36_wk.cnt,06ca647e177c1658b3e014fdf7f38a012417d5e60bcbd1047e58010e91bd6cf7,06ca647e177c1658b3e014fdf7f38a012417d5e60bcbd1047e58010e91bd6cf7
319_23_mc_mmn_23_wk.cnt,20a75b52d141bfb90a6e9a9f66a5b7719ab123ede177172f7c6c10a30d998f30,20a75b52d141bfb90a6e9a9f66a5b7719ab123ede177172f7c6c10a30d998f30
415_23_jd_mmn36_wk.cnt,7213bb35c97e06e60236c535ed9c62df8265922e6fcee169483fa087a92016f0,7213bb35c97e06e60236c535ed9c62df8265922e6fcee169483fa087a92016f0
440_23_md_mmn36_wk.cnt,278c5e2adbc7f6a62580e17a3784932197b57f3d144f9869b74f7d508c5cee9e,278c5e2adbc7f6a62580e17a3784932197b57f3d144f9869b74f7d508c5cee9e
413_23_jd_mmn25_wk.cnt,a57a2bfdfc05054a000f4b960a24bfcfb4002d5cc2c3b84f0041cb6c37f4f913,a57a2bfdfc05054a000f4b960a24bfcfb4002d5cc2c3b84f0041cb6c37f4f913
412_23_jd_mmn36_wk.cnt,290dc308a8bafcb4d91d4103264e2c504e928f429027bce90c151983f136906d,290dc308a8bafcb4d91d4103264e2c504e928f429027bce90c151983f136906d
452_23_jd_mmn36_wk.cnt,7a123ac7ca25bdd950cc8ae88d480e36c8846d22d85d5ec6197fc5c9e7baa2aa,7a123ac7ca25bdd950cc8ae88d480e36c8846d22d85d5ec6197fc5c9e7baa2aa
440_23_md_mmn25_wk.cnt,f6900c12be707bdcc2e818e2380425baa7100bff536a99d15a631050ce51c7f3,f6900c12be707bdcc2e818e2380425baa7100bff536a99d15a631050ce51c7f3
407_23_jd_mmn36_2_wk.cnt,0af01e7aff17b23c6a8b23d84b325ba1a5902beb90177a03eabc1f2c0b7bf739,0af01e7aff17b23c6a8b23d84b325ba1a5902beb90177a03eabc1f2c0b7bf739
316_23_mc_mmn36_slp.cnt,b24ed369b7ce6bd955e787d5334efbcf94603b2c87ff76d91289915c39b8dea7,b24ed369b7ce6bd955e787d5334efbcf94603b2c87ff76d91289915c39b8dea7
424_23_jd_mmn25_wk.cnt,9d27ba15e66e89ae257c6ac1c01a8af3f37974176c72d979b030c559ecd35df5,9d27ba15e66e89ae257c6ac1c01a8af3f37974176c72d979b030c559ecd35df5
411_23_md_mmn36_wk.cnt,7599649773e3ec0001b38afc1032cb1dc7fdb001c701b4c6a588a0b4f8ebb1cb,7599649773e3ec0001b38afc1032cb1dc7fdb001c701b4c6a588a0b4f8ebb1cb
434_23_jd_mmn25_wk.cnt,a629a0879cd8299af0335d0285606aac06b4dc0c9c1cd9de2c6f6118d7c9cbe9,a629a0879cd8299af0335d0285606aac06b4dc0c9c1cd9de2c6f6118d7c9cbe9
434_23_jd_mmn36_wk.cnt,68a357af6871c283763feff32fe0526c5baa084985d09eaad4abef10f25a3b2b,68a357af6871c283763feff32fe0526c5baa084985d09eaad4abef10f25a3b2b
346_23_mc_mmn25_wk.cnt,b7f3a2a3ddae765ed324cda3e55a7d17ef5778bbea49c9ecee899c1ced4cd9b2,b7f3a2a3ddae765ed324cda3e55a7d17ef5778bbea49c9ecee899c1ced4cd9b2
436_23_jd_mmn25_wk.cnt,159a73549ecd7e2427e9433b6cf58d1298725bff37f0ea060b97f830fde87ced,159a73549ecd7e2427e9433b6cf58d1298725bff37f0ea060b97f830fde87ced
438_23_jd_mmn25_wk.cnt,d39914e3628f657e7c9119e03f5a61be0673fc4550ce8a862a9a7c6d77b01390,d39914e3628f657e7c9119e03f5a61be0673fc4550ce8a862a9a7c6d77b01390
427_23_jd_mmn25_wk.cnt,47317fd69db3c51e99aa064b4a14097d16350d0272f82f081f0681b74f679768,47317fd69db3c51e99aa064b4a14097d16350d0272f82f081f0681b74f679768
410_23_jd_mmn25_wk.cnt,89ce6ae1f2402052270d9392a65a102cad05c0fff62ec67592edb9de53168734,89ce6ae1f2402052270d9392a65a102cad05c0fff62ec67592edb9de53168734
415_23_jd_mmn25_wk.cnt,66be867e3f6f4fb122feb9910cff78bd292de824672e1d6a7767a9559036b96d,66be867e3f6f4fb122feb9910cff78bd292de824672e1d6a7767a9559036b96d
414_23_jd_mmn36_wk.cnt,0e42847f680eff7c9786498edaf7468028271b0e527d68c11e98db182f188664,0e42847f680eff7c9786498edaf7468028271b0e527d68c11e98db182f188664
433_23_jd_mmn236_wk.cnt,dce0ef185fc14003aac0dd42a804897b34e4d6fe8c9ed15d7959c60502e0089f,dce0ef185fc14003aac0dd42a804897b34e4d6fe8c9ed15d7959c60502e0089f
424_23_jd_mmn36_wk.cnt,ae9550b13bebff3eba4c3ad3af841e2ec7f3b938d7e4f6132fc310a7a47347f8,ae9550b13bebff3eba4c3ad3af841e2ec7f3b938d7e4f6132fc310a7a47347f8
426_23_jd_mmn25_wk.cnt,e04b81f129115e0029e5fca68015d99a10e09df243f74a8ab07fadd6149409c4,e04b81f129115e0029e5fca68015d99a10e09df243f74a8ab07fadd6149409c4
428_23_md_mmn36_wk.cnt,e5a586d1a8b0337376840b7f1c49fb54630c139acad6b48d375e3c1a616dc7ba,e5a586d1a8b0337376840b7f1c49fb54630c139acad6b48d375e3c1a616dc7ba
436_23_jd_mmn36_wk.cnt,b47df427746363d81a8bfe8c8cd84ea4d838a4267eddcc2c2a7f068f83620108,b47df427746363d81a8bfe8c8cd84ea4d838a4267eddcc2c2a7f068f83620108
443_23_jd_mmn25_wk.cnt,f1e3daacc9c9962448fc9e8d4ca605611f64b8b5b2330a440b49626ffb4616b6,f1e3daacc9c9962448fc9e8d4ca605611f64b8b5b2330a440b49626ffb4616b6
449_23_jd_mmn_36_wk.cnt,1c818af0ebdc825d001851635286fcdadb6988ad1122a679593071b5e2658048,1c818af0ebdc825d001851635286fcdadb6988ad1122a679593071b5e2658048
334_23_mc_mmn36_wk.cnt,1b8dc5a4036e7cc6c9f7bb4a0cd60ec1a047194a36b99e3db7ed3c2e04cc6ac8,1b8dc5a4036e7cc6c9f7bb4a0cd60ec1a047194a36b99e3db7ed3c2e04cc6ac8
420_23_jd_mmn25_wk.cnt,9e32acb155148bef7a19767862e1d35162c04178c5fd38590a6a9d2112418497,9e32acb155148bef7a19767862e1d35162c04178c5fd38590a6a9d2112418497
453_23_jd_mmn36_wk.cnt,e5634c989c68a4a2e8426c5a41d9eeea6865d98de47ee21bf04008ddf99a92da,e5634c989c68a4a2e8426c5a41d9eeea6865d98de47ee21bf04008ddf99a92da
329_23_mc_mmn36_wk.cnt,2717c268619fb5880381f9153bba582f42fb2d3ee76f672f3dae324eb7eccc3e,2717c268619fb5880381f9153bba582f42fb2d3ee76f672f3dae324eb7eccc3e
311_23_jc_mmn36_wk.cnt,392573eda9a4c68d23593474016fe386e478f2834eb944d0329b7cebb9c97e32,392573eda9a4c68d23593474016fe386e478f2834eb944d0329b7cebb9c97e32
450_23_md_mmn36_wk.cnt,bedfc6575f0375a4cbbd5b182ea208b17750a08c1af778eabcbe4324961c7852,bedfc6575f0375a4cbbd5b182ea208b17750a08c1af778eabcbe4324961c7852
430_23_md_mmn25_wk.cnt,619ca523edfd643bf57578b87feb0273910e1af981ecdb11110ffbf6b1108d9f,619ca523edfd643bf57578b87feb0273910e1af981ecdb11110ffbf6b1108d9f
319_23_mc_mmn_36_wk.cnt,957d8c5ae2d5bced12cc1134477051128e8f31645d9916376aa3112180712029,957d8c5ae2d5bced12cc1134477051128e8f31645d9916376aa3112180712029
420_23_md_mmn36_mixed.cnt,49a40618a03d393e7c9e997aca4b223baabbf51cb990896ed6e3762967cd9b32,49a40618a03d393e7c9e997aca4b223baabbf51cb990896ed6e3762967cd9b32
455_23_jd_mmn36_wk.cnt,9577a4fd7539794e1ddd1b348f3d7641e591378c41bc4361b59ccd6ec878ccfa,9577a4fd7539794e1ddd1b348f3d7641e591378c41bc4361b59ccd6ec878ccfa
326_23_jc_mmn25_wk.cnt,e1200b687f285b9daca1e4dbbf9ae530063271145aea5ed733eb58d76a8f8c9d,e1200b687f285b9daca1e4dbbf9ae530063271145aea5ed733eb58d76a8f8c9d
448_23_jd_mmn36_wk.cnt,2d410afafab9463807241f4f3334187518a96890a23b2b65d408fec2fb434db5,2d410afafab9463807241f4f3334187518a96890a23b2b65d408fec2fb434db5
415_23_jd_mmn25_2_wk.cnt,863ee6e41b7eff80911aca28826ac1de4a8ed98e77dbd6bd8dbba20b50e2c5f2,863ee6e41b7eff80911aca28826ac1de4a8ed98e77dbd6bd8dbba20b50e2c5f2
311_23_jc_mmn25_wk.cnt,140f928070d2ecb5c1bf6a969437651528fd53e0bdeb2114fa1b1f36e5fdafbe,140f928070d2ecb5c1bf6a969437651528fd53e0bdeb2114fa1b1f36e5fdafbe
627-356-23m-mc-mmn36.cnt,ac2503d389146cd3bdb36bec82ac7642ca2776791a692f882a863693b6ec52ab,ac2503d389146cd3bdb36bec82ac7642ca2776791a692f882a863693b6ec52ab
320_23_jc_mmn36_wk.cnt,232f3125f0c5a2a08660eeb14875aecec990ec20749709e068ec971a18700949,232f3125f0c5a2a08660eeb14875aecec990ec20749709e068ec971a18700949
454_23_md_mmn_36_wk.cnt,9d1d2a04867ddc0a39f842928aec0e3002d6f0ca1414b3efcd1a354a30dd8ab6,9d1d2a04867ddc0a39f842928aec0e3002d6f0ca1414b3efcd1a354a30dd8ab6
455_23_jd_mmn25_wk.cnt,7669b0b2b94b04ff559a4c6dc78abf796482832b049344cb9c6142123700dc17,7669b0b2b94b04ff559a4c6dc78abf796482832b049344cb9c6142123700dc17
469_23_md_mmn25_wk.cnt,706b10f81ef367a82474ed23fed21ddf34a81d87ebce01fe41dc5b1f9aef4ff9,706b10f81ef367a82474ed23fed21ddf34a81d87ebce01fe41dc5b1f9aef4ff9
636-468-23m-jc-mmn36.cnt,aa038a5cdd24ecf8c59a47691700b90b89f8f277fa530c82acfdee1a3bf1c5e4,aa038a5cdd24ecf8c59a47691700b90b89f8f277fa530c82acfdee1a3bf1c5e4
474_23_md_mmn25_wk.cnt,93fa035dbb973b75b3cf7a7a3231472c89e2f070ea0e86e38009c5af90517701,93fa035dbb973b75b3cf7a7a3231472c89e2f070ea0e86e38009c5af90517701
469_23_md_mmn36_wk.cnt,c7f038ed969c325545e4fe5da6191d369ff662200d5428e201085f065299430b,c7f038ed969c325545e4fe5da6191d369ff662200d5428e201085f065299430b
456_23_md_mmn36_wk.cnt,f62bd848810e528e00e421e8f28cb3c23f7bdc299a7b729a7b5067bf22784a28,f62bd848810e528e00e421e8f28cb3c23f7bdc299a7b729a7b5067bf22784a28
459_23_jd_mmn_36_wk.cnt,f3273e73ad70856f58a5246f23115bdb850fb43fc7a16c8a89ce10665f0fdf92,f3273e73ad70856f58a5246f23115bdb850fb43fc7a16c8a89ce10665f0fdf92
472_23_jd_mmn36_wk.cnt,baef71bd2ef3c113e84be84e9cf51a1b658137c2e69de73c21abd7c010deb2be,baef71bd2ef3c113e84be84e9cf51a1b658137c2e69de73c21abd7c010deb2be
456_23_md_mmn25_wk.cnt,653907e3e0556496fb70ccaf3eb155067b6307e5322ddae1db9b5950176f524c,653907e3e0556496fb70ccaf3eb155067b6307e5322ddae1db9b5950176f524c
618-163-23m-jc-mmn36.cnt,9dc4bb851b16558f685f443eaf055c4cb1fb3a609ae1182720b17bc59d56e079,9dc4bb851b16558f685f443eaf055c4cb1fb3a609ae1182720b17bc59d56e079
468_23_jd_mmn25_wk.cnt,6ab53ccb3de56319c9bf6a09620c1e595354271a5802a3abbd218ce7c3a85d12,6ab53ccb3de56319c9bf6a09620c1e595354271a5802a3abbd218ce7c3a85d12
471_23_md_mmn36_wk.cnt,b269992872bc77df40159529a3d0733af70e2e6c2fcd91e1854c8d606cd29b35,b269992872bc77df40159529a3d0733af70e2e6c2fcd91e1854c8d606cd29b35
466_23_md_mmn25_wk.cnt,a3a1c7ce3216c57fbe54662bc4c6be3c62a482807c7dfd70d2478c40e33c5b39,a3a1c7ce3216c57fbe54662bc4c6be3c62a482807c7dfd70d2478c40e33c5b39
468_23_jd_mmn36_wk.cnt,85a68dde861c870f2efd7259e2e333288a34d0753f8d4ac255c1916edbcdde6b,85a68dde861c870f2efd7259e2e333288a34d0753f8d4ac255c1916edbcdde6b
617-289-23m-mc-mmn25-slp.cnt,da2ab48dc208022a273a2d1f54a1512725bf2e90b5e4fae1085543c6bfcf1ef9,da2ab48dc208022a273a2d1f54a1512725bf2e90b5e4fae1085543c6bfcf1ef9
475_23_jd_mmn36_wk.cnt,5c0d65521daa7765640e5ab3c530fa75e03f5b85154c4a6e3b18824c7958b866,5c0d65521daa7765640e5ab3c530fa75e03f5b85154c4a6e3b18824c7958b866
472_23_jd_mmn25_wk.cnt,83777edbb9d7d6f383477a9a17b50e1e341e3a46341fea611f908d7200599d93,83777edbb9d7d6f383477a9a17b50e1e341e3a46341fea611f908d7200599d93
466_23_md_mmn36_wk.cnt,6b6d025eab834068495b56da86d6cf6796f1a58a5a9b56b92732eb70838ad717,6b6d025eab834068495b56da86d6cf6796f1a58a5a9b56b92732eb70838ad717
488_23_jd_mmn36.cnt,d7a60365009b7dace162e824ef19a971153eb7fd0e5b311dc71bcae7374ecec1,d7a60365009b7dace162e824ef19a971153eb7fd0e5b311dc71bcae7374ecec1
471_23_md_mmn25_wk.cnt,cbf832729ffcaee80a96adff7feae3cb13bc11fb394006c254b5181f7c4f94a2,cbf832729ffcaee80a96adff7feae3cb13bc11fb394006c254b5181f7c4f94a2
481_23_jd_mmn36_wk.cnt,2b06408675037c3d82f8081c0fd6a91c63fab629da41c5a4db9cb607d02848a7,2b06408675037c3d82f8081c0fd6a91c63fab629da41c5a4db9cb607d02848a7
485_23_md_mmn36_wk.cnt,04e26c5c4e59c0c4501316deb5c8046e8ce52b625b4738ebb204edcb4bcce642,04e26c5c4e59c0c4501316deb5c8046e8ce52b625b4738ebb204edcb4bcce642
474_23_md_mmn36_wk.cnt,de028a3d8a74e792d121ac8c2edae32d2f8fe12a1dc0c1d9350e92d20066cc1f,de028a3d8a74e792d121ac8c2edae32d2f8fe12a1dc0c1d9350e92d20066cc1f
482_23_md_mmn25_wk.cnt,3f52a6a86ab594a311cda75970b005a974b3ca2e31aed768a9ed2be67ce0a4e0,3f52a6a86ab594a311cda75970b005a974b3ca2e31aed768a9ed2be67ce0a4e0
491_23_jd_mmn25_slp.cnt,d90026b5873474abbc93600482f7e3c034c54f919a8501fc6a6e61b901aa34a5,d90026b5873474abbc93600482f7e3c034c54f919a8501fc6a6e61b901aa34a5
478_23_jd_mmn36_wk.cnt,fdf74d5416dcef83567693e909569f4b661d51db7f9e32ca77c5cf9e713b3704,fdf74d5416dcef83567693e909569f4b661d51db7f9e32ca77c5cf9e713b3704
473_23_md_mmn36_wk.cnt,868deaf7bd4d731a353a2aa100858230f784c204f720aff9fc43614c57c33f4d,868deaf7bd4d731a353a2aa100858230f784c204f720aff9fc43614c57c33f4d
494_23_jd_mmn25_wk.cnt,880ba0294eac569dd956f14c1e64a2fee184dc06083b820e128982b3a8839ca3,880ba0294eac569dd956f14c1e64a2fee184dc06083b820e128982b3a8839ca3
481_23_jd_mmn25_wk.cnt,219cdab6e0f846d762466432fdbd1a035b1c8c4f248466b4e85c08b098b11d4e,219cdab6e0f846d762466432fdbd1a035b1c8c4f248466b4e85c08b098b11d4e
484_23_md_mmn25_wk.cnt,eba593d6e398a10dc2fd9770dd0f4e36a33f4cadf42a1f8701f2e784e98b7c59,eba593d6e398a10dc2fd9770dd0f4e36a33f4cadf42a1f8701f2e784e98b7c59
486_23_jd_mmn25_wk.cnt,ab095963e0cfaef17e89f23c119f256ed99e40b642b72124ee97acc16d51b8bc,ab095963e0cfaef17e89f23c119f256ed99e40b642b72124ee97acc16d51b8bc
494_23_jd_mmn36_wk.cnt,71892935fd2857df98c34c303e2b821bac6ddb6b135bfd2d5a818501044f8bb9,71892935fd2857df98c34c303e2b821bac6ddb6b135bfd2d5a818501044f8bb9
475_23_jd_mmn25_wk.cnt,f152b1accbb6e50005d17a40f4789f286911ddbb32d68b64ceffd631f6141d50,f152b1accbb6e50005d17a40f4789f286911ddbb32d68b64ceffd631f6141d50
609-158-23m-jc-mmn36-waak.cnt,d7d010a7eebd9c291e9c2f8f957e360111fe31ee889b8cb83080c7cd39b395a3,d7d010a7eebd9c291e9c2f8f957e360111fe31ee889b8cb83080c7cd39b395a3
616-240-23m--mc-mmn25.cnt,7b7f685dbf04bb5af633ac7aa3614895d195abeee17578f95dea90e616de04e4,7b7f685dbf04bb5af633ac7aa3614895d195abeee17578f95dea90e616de04e4
479_23_md_mmn35_wk.cnt,a2edf55435ef9ce6a75f1ca31b8fec413b0c884020566897bfc053e78024a184,a2edf55435ef9ce6a75f1ca31b8fec413b0c884020566897bfc053e78024a184
602-115-23m-mc-mmn25.cnt,11088a2142ceae2ba423f6b03ffd16627fefd7d9875ed84824efcaba3b87fa9a,11088a2142ceae2ba423f6b03ffd16627fefd7d9875ed84824efcaba3b87fa9a
616-240-23m--mc-mmn36.cnt,4f8caf6f40a2a722e49711dab8b4df3e076c4bcb847f8f7ebed9966d45126fa7,4f8caf6f40a2a722e49711dab8b4df3e076c4bcb847f8f7ebed9966d45126fa7
487_23_md_mmn36.cnt,5542c397f4d309aae06a68a325258f179079470a9d33185db4628849ace0e7ab,5542c397f4d309aae06a68a325258f179079470a9d33185db4628849ace0e7ab
614-228-23m-jc-mmn25.cnt,0fec4c2638482163af39b80172d4e7c4caed508b99c966378ca8f1ad0c0aa743,0fec4c2638482163af39b80172d4e7c4caed508b99c966378ca8f1ad0c0aa743
617-289-23m-mc-mmn36-slp.cnt,07b0cf0fe11f090fa72beb83008e87e3431b947957245d20ed05657d440201c4,07b0cf0fe11f090fa72beb83008e87e3431b947957245d20ed05657d440201c4
496_23_jc_mmn25_wk.cnt,d310a63d66aefd48523aa1b40297e01765c9ce5114746e17e148ed117786c4dc,d310a63d66aefd48523aa1b40297e01765c9ce5114746e17e148ed117786c4dc
479_23_md_mmn25_wk.cnt,7815aada202d33d3eb78ab020fb7f2228e2a9715451283640b7de19a9a83036b,7815aada202d33d3eb78ab020fb7f2228e2a9715451283640b7de19a9a83036b
473_23_md_mmn25_wk.cnt,d4c394717d8c7129c2455cca9ebf91f6658fe56dbb720dc49044d4f8a7ac94b7,d4c394717d8c7129c2455cca9ebf91f6658fe56dbb720dc49044d4f8a7ac94b7
488_23_jd_mmn25_wk.cnt,c2d9a80e5ef130c44ff00f8b5214bf022fe7d1cd630d4ee150f31ddac5a04a94,c2d9a80e5ef130c44ff00f8b5214bf022fe7d1cd630d4ee150f31ddac5a04a94
610-185-23m-jc-mmn36.cnt,6ffa7db9a0d5833fae10c7efd32d4c85b92db74acde68060e282898d1cd2b075,6ffa7db9a0d5833fae10c7efd32d4c85b92db74acde68060e282898d1cd2b075
619-247-23m-mc-mmn25.cnt,c37756b085d7f8b358b01b2eeadf3e46046a17b32601c03e4ce7ce4f52432cd8,c37756b085d7f8b358b01b2eeadf3e46046a17b32601c03e4ce7ce4f52432cd8
620-313-23m-jc-mmn36-waak.cnt,54aedbe8e65a0d7c7be1f9ac52d0225b5bdb9e2d31e60043ae4895b3d606d4ec,54aedbe8e65a0d7c7be1f9ac52d0225b5bdb9e2d31e60043ae4895b3d606d4ec
610-185-23m-jc-mmn25.cnt,fd425c43fb94335fe100544602977e754804d7846bc42dfd2161a7d32e82bedc,fd425c43fb94335fe100544602977e754804d7846bc42dfd2161a7d32e82bedc
619-247-23m-mc-mmn36.cnt,40e3b40004b57d2f7cec5eae243eb41986c7fa06eeb895c9af1620e2a727fcc2,40e3b40004b57d2f7cec5eae243eb41986c7fa06eeb895c9af1620e2a727fcc2
612-486-23m-jc-mmn36-2.cnt,b504e80acc5b3d8b37f7e57c27365c05dcae383282b5519c70eeaffc0b05cf68,b504e80acc5b3d8b37f7e57c27365c05dcae383282b5519c70eeaffc0b05cf68
615-240-23m-mc-mmn36.cnt,4690d88ed5540a5ca7a68a3bc21e122018ef7b18084e2024f0372c4ca184e98e,4690d88ed5540a5ca7a68a3bc21e122018ef7b18084e2024f0372c4ca184e98e
604-133-23m-jc-mmn36-waak.cnt,6bc3400a8096ac226871f80582036e9bcc53fce8d2bde41a7a20924cb7148227,6bc3400a8096ac226871f80582036e9bcc53fce8d2bde41a7a20924cb7148227
611-157-23m-mc-mmn25.cnt,3287764f8377fb17ca6981cfb3cbb60020cc313079378bb9cc0387ea2ee528d2,3287764f8377fb17ca6981cfb3cbb60020cc313079378bb9cc0387ea2ee528d2
491_23_jd_mmn36.cnt,071275a917de27e792efc924db02f5d3f38177530d6fab283904aed72b0ecef9,071275a917de27e792efc924db02f5d3f38177530d6fab283904aed72b0ecef9
486_23_jd_mmn36_wk.cnt,13dcfe71f88f5b02204362a8a94179f7beaa0abf26621140f4f427f99de86fd6,13dcfe71f88f5b02204362a8a94179f7beaa0abf26621140f4f427f99de86fd6
608-170-23m-mc-mmn36.cnt,b8406f184519b12d2e4023f66c0812a89d0d3acecb5b3ed7ecd2870685cc18cf,b8406f184519b12d2e4023f66c0812a89d0d3acecb5b3ed7ecd2870685cc18cf
613-176-23m-mc-mmn25-waak.cnt,08843f214d6847fa0e164ca71e84c4ca7fbc9c6a49100cb3cd0682053d3678fd,08843f214d6847fa0e164ca71e84c4ca7fbc9c6a49100cb3cd0682053d3678fd
621-241-23m-jc-mmn25.cnt,1b2226689020a7c303a28c7484dc6688bf8ea41102d8d0d6b31312d390d007e9,1b2226689020a7c303a28c7484dc6688bf8ea41102d8d0d6b31312d390d007e9
615-240-23m-mc-mmn36_2.cnt,e6fab6b349609e7cdfe1bc5015c276aa261e056e362205ef60a9ad6187dc624f,e6fab6b349609e7cdfe1bc5015c276aa261e056e362205ef60a9ad6187dc624f
624-373-23m-mc-mmn25.cnt,e138dde6fe23873b307812aab8ebdfe41a79b4ead10e3d482c6f8ddb70f01dc1,e138dde6fe23873b307812aab8ebdfe41a79b4ead10e3d482c6f8ddb70f01dc1
608-170-23m-mc-mmn25.cnt,1eb293dfe45718de3ea3eacb3b629ee7ec864403089de4ec40d2d451fb1cae95,1eb293dfe45718de3ea3eacb3b629ee7ec864403089de4ec40d2d451fb1cae95
496_23_jc_mmn36_wk.cnt,8df0aada11c4fe1e6449d8d531c7502683852c36a196db8d0487aae777362f35,8df0aada11c4fe1e6449d8d531c7502683852c36a196db8d0487aae777362f35
626-377-23m-jc-mmn36-2.cnt,207b4ecc8a9c3c4db9feb604d619c859f952ac69521430f30b1a0109e29d0d4c,207b4ecc8a9c3c4db9feb604d619c859f952ac69521430f30b1a0109e29d0d4c
482_23_md_mmn36_wk.cnt,5c33bc59c130ce3ae723f3af58229081527b878a1e92ef0f663a14ef0f04b9e0,5c33bc59c130ce3ae723f3af58229081527b878a1e92ef0f663a14ef0f04b9e0
601-109-23m-jc-mmn36.cnt,165314491e38344055660d37ebb8b3281c54786cbd09ce126bed1c8d1b16661c,165314491e38344055660d37ebb8b3281c54786cbd09ce126bed1c8d1b16661c
602-115-23m-mc-mmn36.cnt,3ad17e4035b73ba0a0c6bae122c6d22186210052505cdaa0af1b2a7b98b5b7a4,3ad17e4035b73ba0a0c6bae122c6d22186210052505cdaa0af1b2a7b98b5b7a4
620-313-23m-jc-mmn25-mix.cnt,95be545d277bdc8e3a9166bcadbf133d050f148313df40a3de40642af0d56cf1,95be545d277bdc8e3a9166bcadbf133d050f148313df40a3de40642af0d56cf1
702-071-23m-jr-mmn25.cnt,88c6923136d5a7bcaf365b9a0ac75bb5af0a9375818d673de72aeab1fc2ebc97,88c6923136d5a7bcaf365b9a0ac75bb5af0a9375818d673de72aeab1fc2ebc97
612-486-23m-jc-mmn36.cnt,3201cbf8fb081814a264d72a890cfe8fd7d60073fc40540f52d48d986db6b6d1,3201cbf8fb081814a264d72a890cfe8fd7d60073fc40540f52d48d986db6b6d1
487_23_md_mmn25.cnt,0d528f8154ea164f0f90738c8642faf06d48212ecb12b576f92cac4d877edf9d,0d528f8154ea164f0f90738c8642faf06d48212ecb12b576f92cac4d877edf9d
624-373-23m-mc-mmn36.cnt,ae174856de09ba04b8e7aaf1de611ae0d0b5deba4c616eb233f945c8118715de,ae174856de09ba04b8e7aaf1de611ae0d0b5deba4c616eb233f945c8118715de
604-133-23m-jc-mmn25-waak.cnt,102dd2ead45178fb297e794684fa5036c2ee8372bc1e3d9fb6312cea90e51e16,102dd2ead45178fb297e794684fa5036c2ee8372bc1e3d9fb6312cea90e51e16
605-131-23m-jc-mmn36.cnt,3ff571e8c7b788a4d4878e1742d73eb9181a6a8bd6d1413304b8ced89762797b,3ff571e8c7b788a4d4878e1742d73eb9181a6a8bd6d1413304b8ced89762797b
478_23_jd_mmn25_wk.cnt,4f0c116fa8d3f9ebb228b1a04e368de2ccbb3d08f6804fb84481881018b8d2fa,4f0c116fa8d3f9ebb228b1a04e368de2ccbb3d08f6804fb84481881018b8d2fa
646-478-23m-mc-mmn36.cnt,52f25b6d76686ce793de60bf3fd517bac43efb8a15b1a32c116aabf6f97691fd,52f25b6d76686ce793de60bf3fd517bac43efb8a15b1a32c116aabf6f97691fd
622-189-23m-jc-mnn36.cnt,15f89595e51941f28310ffcdb92a2d1fe2a86e13126a24550e959237cb119a2e,15f89595e51941f28310ffcdb92a2d1fe2a86e13126a24550e959237cb119a2e
484_23_md_mmn36_wk.cnt,6e4dcce7011e94e6d6a57a5ee5fd3fab3d22bd8b0b78d156a986bafa901dd1d8,6e4dcce7011e94e6d6a57a5ee5fd3fab3d22bd8b0b78d156a986bafa901dd1d8
622-189-23m-jc-mnn25.cnt,dca22157350e8eecb53b5e8dae67a4fbfc0426cb8160e35055c1e035b2aea787,dca22157350e8eecb53b5e8dae67a4fbfc0426cb8160e35055c1e035b2aea787
611-157-23m-mc-mmn36.cnt,0f3541a88dff26a85647b1b6ab53ad9b4550d74ddd087ca993173b0f47fdc96e,0f3541a88dff26a85647b1b6ab53ad9b4550d74ddd087ca993173b0f47fdc96e
614-228-23m-jc-mmn36.cnt,a6e00285bb76e5de2d17ecd349ed1680097cdd7e0b02da84f9423fa5203a0479,a6e00285bb76e5de2d17ecd349ed1680097cdd7e0b02da84f9423fa5203a0479
630-372-23m-jc-mmn36.cnt,e25cc620711744343b5908f07eeb7d3263f8c505fe68539104b097e0030d580f,e25cc620711744343b5908f07eeb7d3263f8c505fe68539104b097e0030d580f
702-074-23m-jr-mmn36.cnt,1495fdac2dec268319241d09eae22c3effb3c04c6b209cd2b831464741493aac,1495fdac2dec268319241d09eae22c3effb3c04c6b209cd2b831464741493aac
702-071-23m-jr-mmn36.cnt,1495fdac2dec268319241d09eae22c3effb3c04c6b209cd2b831464741493aac,1495fdac2dec268319241d09eae22c3effb3c04c6b209cd2b831464741493aac
625-253-23m-jc-mmn36.cnt,0ce5a20bd61d26948205e05918947d1a177683a3d0c8ece203caa3f603d6fa92,0ce5a20bd61d26948205e05918947d1a177683a3d0c8ece203caa3f603d6fa92
628-369-23m-mc-mmn36.cnt,f0b399781a65fafbfbbbe9d10b935e06d646e43bfaece3e72ca531ee5bcda7f2,f0b399781a65fafbfbbbe9d10b935e06d646e43bfaece3e72ca531ee5bcda7f2
637-479-23m-mc-mmn36-2.cnt,971c196ebf535657bae4c3d9f9d0f9ebff13973caedb3b965ba49c4c79c62fb8,971c196ebf535657bae4c3d9f9d0f9ebff13973caedb3b965ba49c4c79c62fb8
623-321-23m-mc-mmn36.cnt,0f31f0513be533d4276b7ba7ddca1a8c1c18859f8d2f669f75d10ded961e1195,0f31f0513be533d4276b7ba7ddca1a8c1c18859f8d2f669f75d10ded961e1195
633-403-23m-jc-mmn36-2.cnt,0d82c656a5e0083f7ca5021e60c10f7d6fb5bd7b17625d528cda48b62baf6cd7,0d82c656a5e0083f7ca5021e60c10f7d6fb5bd7b17625d528cda48b62baf6cd7
621-241-23m-jc-mmn36.cnt,ba4f674311a9879e535c93f0d0e0458eea58ef1a6c2d46f2abcadc8f98761f83,ba4f674311a9879e535c93f0d0e0458eea58ef1a6c2d46f2abcadc8f98761f83
633-403-23m-jc-mmn36.cnt,7f523fed4f1352d7f4e3bc54defaa5a26e763dc25358f9bb6af3c421bb30145b,7f523fed4f1352d7f4e3bc54defaa5a26e763dc25358f9bb6af3c421bb30145b
632-399-23m-jc-mmn36.cnt,bff534f20f709af9f26bc8cf12002c476118b8c09d99e640c13c7065aca51454,bff534f20f709af9f26bc8cf12002c476118b8c09d99e640c13c7065aca51454
626-377-23m-jc-mmn36.cnt,10906a7a85007c738e69b81b2c955fd316a59941ca1f695862b97e17ae89367f,10906a7a85007c738e69b81b2c955fd316a59941ca1f695862b97e17ae89367f
601-109-23m-jc-mmn25.cnt,4ac2f219ca93d69546bede098de4a673362ecac4d64e5e6595569775077cad4c,4ac2f219ca93d69546bede098de4a673362ecac4d64e5e6595569775077cad4c
625-253-23m-jc-mmn25.cnt,843e39d9345c57c54ffdc070dccee99ef8941589b80e4edede88ae2642d781a2,843e39d9345c57c54ffdc070dccee99ef8941589b80e4edede88ae2642d781a2
639-484-23m-jc-mmn.cnt,d6f14e833b0127e64bd60f11f0e847ec6a2aeaae0926a9209e085aca22f9de6c,d6f14e833b0127e64bd60f11f0e847ec6a2aeaae0926a9209e085aca22f9de6c
641-476-23m-jc-mmn36.cnt,ead757796c4b6d801bb28db1e8abf22dc0426dc4716c2b5a5a7f30a853259fde,ead757796c4b6d801bb28db1e8abf22dc0426dc4716c2b5a5a7f30a853259fde
613-176-23m-mc-mmn36-waak.cnt,a9571a95ac94b7b0ad0e6dece758841f028e7c194d148d6cb1440c4a49f76fd9,a9571a95ac94b7b0ad0e6dece758841f028e7c194d148d6cb1440c4a49f76fd9
707-060-23m-jr-mmn36_2.cnt,d1195e957c84d9111194f2dd3c1c0d68b50336416254d447645c7f267937e888,d1195e957c84d9111194f2dd3c1c0d68b50336416254d447645c7f267937e888
702-074-23m-jr-mmn25.cnt,88c6923136d5a7bcaf365b9a0ac75bb5af0a9375818d673de72aeab1fc2ebc97,88c6923136d5a7bcaf365b9a0ac75bb5af0a9375818d673de72aeab1fc2ebc97
637-479-23m-mc-mmn36.cnt,56d411cb18a195c1e672453c378109fa6313a7bbc582121dbaeaa3f4341a6e89,56d411cb18a195c1e672453c378109fa6313a7bbc582121dbaeaa3f4341a6e89
717-111-23m-mr-mmn25-waak.cnt,c433b253b07956d7f1670c6f346ebbd3be188f42a367d96bdc45ece9f97babaf,c433b253b07956d7f1670c6f346ebbd3be188f42a367d96bdc45ece9f97babaf
717-111-23m-mr-mmn36-waak.cnt,f52b7ac2682a0138328faebb748851d62f801c844c5575d18f46a20e48e0be8c,f52b7ac2682a0138328faebb748851d62f801c844c5575d18f46a20e48e0be8c
703-026-23m-mr-mmn.cnt,b12805244190f3f5a73022ca0cac4662a80b5f5939cdd16d9353aa2e05268b25,b12805244190f3f5a73022ca0cac4662a80b5f5939cdd16d9353aa2e05268b25
717-111-23m-mr-mmn36-dummy-waak.cnt,e6dd722f390583c7e1ff9231ed629aba181100c61fcb797abd7ad4831d4a08ae,e6dd722f390583c7e1ff9231ed629aba181100c61fcb797abd7ad4831d4a08ae
711-078-23m-jr-mmn36.cnt,a0f0c3d214db169ec7f0249be2541323d5d69f5a46c10f6fc7d04b77e017400d,a0f0c3d214db169ec7f0249be2541323d5d69f5a46c10f6fc7d04b77e017400d
730-201-23m-jr-mmn25.cnt,8c18f7a332859a704329e320a24ee1d8f5abab3b83dbfc571ff4b7ce65a7ed9d,8c18f7a332859a704329e320a24ee1d8f5abab3b83dbfc571ff4b7ce65a7ed9d
640-464-23m-jc-mmn36.cnt,b9913c59004e51321459cdaf466d64c71caf9bd1d46ea6678090ca51042ddbe9,b9913c59004e51321459cdaf466d64c71caf9bd1d46ea6678090ca51042ddbe9
712-074-23m-mr-mmn36dummy-mix.cnt,e85c47735717ec72f7b2526975c95dd98fe501396a9f946cad0bf2b63bc04138,e85c47735717ec72f7b2526975c95dd98fe501396a9f946cad0bf2b63bc04138
707-060-23m-jr-mmn36.cnt,44ec94640e9b37714a96ed182a39706d5f50aefb784a2307ab48f421e1e58f0b,44ec94640e9b37714a96ed182a39706d5f50aefb784a2307ab48f421e1e58f0b
712-074-23m-mr-mmn36-slp.cnt,ccc42d38639a9a9b4e11d8cc9f07b679fad0f39e7080b390fdbe39bc82100919,ccc42d38639a9a9b4e11d8cc9f07b679fad0f39e7080b390fdbe39bc82100919
710-078-23m-jr-mmn36.cnt,62d055d9f78d6e37394a1e9bf0a5ed2d19d3a7df46a159269b05234f67243f8e,62d055d9f78d6e37394a1e9bf0a5ed2d19d3a7df46a159269b05234f67243f8e
710-078-23m-jr-mmn25.cnt,ff49ccf60829c044a85fca6959c04e9c8f6fb742c8a12f9e4c4dd48e596d6488,ff49ccf60829c044a85fca6959c04e9c8f6fb742c8a12f9e4c4dd48e596d6488
710-078-23m-jr-mmn36_2.cnt,99a99f752f96e5c00c200b53322034ce8b6ee100f44dac7d251988e830f96019,99a99f752f96e5c00c200b53322034ce8b6ee100f44dac7d251988e830f96019
721-106-23m-mr-mmn36.cnt,81901fb7778a6a0b8a1f27ece949774d497148982a388b697d360a5c73a88bf1,81901fb7778a6a0b8a1f27ece949774d497148982a388b697d360a5c73a88bf1
734-230-23m-mr-mmn36-waak.cnt,ea5a4cd464cc1b1c4e00a8c3052c588dbd6b90d4a7cbb895d17ce6cae2c017e0,ea5a4cd464cc1b1c4e00a8c3052c588dbd6b90d4a7cbb895d17ce6cae2c017e0
723-232-23m-jr-mmn36.cnt,f9806fe274ee1158e307e8bcfd0246c25c20ee9f545d8cc1bf58f7bd3567299b,f9806fe274ee1158e307e8bcfd0246c25c20ee9f545d8cc1bf58f7bd3567299b
727-162-23m-jr-mmn25.cnt,f7f7b3d36f43bace5eb8ae823eb729cca08ae17cb0a089752474e3460ada8ac7,f7f7b3d36f43bace5eb8ae823eb729cca08ae17cb0a089752474e3460ada8ac7
705-050-23m-jr-mmn.cnt,92fac5d2ac3ccc360a73d3ff34f612b2f33f032ca05d755f7682851e52dade4f,92fac5d2ac3ccc360a73d3ff34f612b2f33f032ca05d755f7682851e52dade4f
704-032-23m-jr-mmn.cnt,220731f78b561724d42f413f9075710f587f377a81af02d63714f16e8a703d10,220731f78b561724d42f413f9075710f587f377a81af02d63714f16e8a703d10
724-116-23m-jr-mmn25.cnt,89f70895b86445d8f2ef43d919bbbd9f5a115c019429cb4bceb8c0b98112d528,89f70895b86445d8f2ef43d919bbbd9f5a115c019429cb4bceb8c0b98112d528
707-060-23m-jr-mmn25.cnt,e82ecbb915fdb5ce4ee230b86974cbce85eebfdfe1cae5eda715514fe3309eb6,e82ecbb915fdb5ce4ee230b86974cbce85eebfdfe1cae5eda715514fe3309eb6
721-106-23m-mr-mmn25.cnt,c832079f54d87d9e2161fedfba12c574add1447caea66d4033518798324aa762,c832079f54d87d9e2161fedfba12c574add1447caea66d4033518798324aa762
711-078-23m-jr-mmn25.cnt,0bfa1d3217a8f898e5c147269d73d0445695bcfafca52158a31efb0e2b7375ac,0bfa1d3217a8f898e5c147269d73d0445695bcfafca52158a31efb0e2b7375ac
714-082-23m-mr-mmn25-waak.cnt,3ee327297cb986c344aa617eebfef58a09fd692e11b43debbf38bac290c3bf16,3ee327297cb986c344aa617eebfef58a09fd692e11b43debbf38bac290c3bf16
724-116-23m-jr-mmn36.cnt,f09915064652c80b02d2dbb7d741932f897cf6db7bdbd8ab0e0a900c29294474,f09915064652c80b02d2dbb7d741932f897cf6db7bdbd8ab0e0a900c29294474
715-090-23m-mr-mmn36.cnt,6cd4953a97ff7156c48cfdd97e8cf679a81157eb6d736d1c516a0a591795c19f,6cd4953a97ff7156c48cfdd97e8cf679a81157eb6d736d1c516a0a591795c19f
708-073-23m-mr-mmn36-rst.cnt,233524eb14b3f6f3b43520d1fc8b63a0f0978e90744462d62513bd81f72baccb,233524eb14b3f6f3b43520d1fc8b63a0f0978e90744462d62513bd81f72baccb
718-102-23m-mr-mmn25.cnt,4766230d2fa9365d6845b29b1027a1e6864124bb1ac26fed2d8c3a5365f68e83,4766230d2fa9365d6845b29b1027a1e6864124bb1ac26fed2d8c3a5365f68e83
712-074-23m-mr-mmn25-mix.cnt,214a667e10769c7c4d345f60e0daf2049f6b20561011db511161db4a358f813e,214a667e10769c7c4d345f60e0daf2049f6b20561011db511161db4a358f813e
720-166-23m-jr-mmn25.cnt,4d5f5fbbd71685a26bb85fbf44ee258d9e34ec429dc6e349a42b276dbcf74ca9,4d5f5fbbd71685a26bb85fbf44ee258d9e34ec429dc6e349a42b276dbcf74ca9
718-102-mr-23m-mmn25.cnt,4766230d2fa9365d6845b29b1027a1e6864124bb1ac26fed2d8c3a5365f68e83,4766230d2fa9365d6845b29b1027a1e6864124bb1ac26fed2d8c3a5365f68e83
725-161-23m-jr-mmn36-waak.cnt,dfbbdc3b3b5bdc50ac801a50cfe34b68a74d781a4c9cef8bba1a867bd6f5029f,dfbbdc3b3b5bdc50ac801a50cfe34b68a74d781a4c9cef8bba1a867bd6f5029f
726-126-23m-jr-mmn36.cnt,38c95e924789ed326a276cc333183ce462383097aa93bc5e0cbd8fc30e4951d3,38c95e924789ed326a276cc333183ce462383097aa93bc5e0cbd8fc30e4951d3
720-166-23m-jr-mmn36.cnt,1cfd0d1ed32212ad0618d29d8dd1fe88b939a6af62e91d0744b0390e0445c3e4,1cfd0d1ed32212ad0618d29d8dd1fe88b939a6af62e91d0744b0390e0445c3e4
722-135-23m-jr-mmn36-slp.cnt,f1c885427dd3e037e98034854ca85f67281c6585311c72062b18404337e6627f,f1c885427dd3e037e98034854ca85f67281c6585311c72062b18404337e6627f
731-197-23m-jr-mmn36-waak.cnt,9f76067ab8d67e52492db591ad3379dc7c2d63d13e9a36e0780a884810d8fc62,9f76067ab8d67e52492db591ad3379dc7c2d63d13e9a36e0780a884810d8fc62
734-230-23m-mr-mmn25-slaap.cnt,7bfabe243c0fb0a26f84fea444e2b22840d4b52e9d5f33915fd8668a388433ab,7bfabe243c0fb0a26f84fea444e2b22840d4b52e9d5f33915fd8668a388433ab
733-108-23m-jr-mmn25-waak.cnt,daabae47cd6db746ae5d96073a7de30b6fce7507e3e29fa24a38f4e202ea8460,daabae47cd6db746ae5d96073a7de30b6fce7507e3e29fa24a38f4e202ea8460
727-162-23m-jr-mmn36.cnt,7a6be154ae0b14fdc93b4536c71c505d1f4b6919d46b4998cdcfff4d9e421622,7a6be154ae0b14fdc93b4536c71c505d1f4b6919d46b4998cdcfff4d9e421622
732-303-23m-mr-mmn36.cnt,3cf697a7b965f9ceb86b12536c063738d4ec0613bc41764d0e5b41ca73e71289,3cf697a7b965f9ceb86b12536c063738d4ec0613bc41764d0e5b41ca73e71289
729-141-23m-jr-mmn36.cnt,066587f137d0459cf8534108c8b116c366f6c176a87700b502fa34eae4165e30,066587f137d0459cf8534108c8b116c366f6c176a87700b502fa34eae4165e30
709-078-23m-jr-mmn.cnt,e509c3208ee1c746393fda2fb342f355e013d07edc16b9e0f9b96bee88119d31,e509c3208ee1c746393fda2fb342f355e013d07edc16b9e0f9b96bee88119d31
729-141-23m-jr-mmn25.cnt,e880de02ae5479fcd988e34c10d56e4cfb5b22b31f83ab4bdc86264fa0a28c02,e880de02ae5479fcd988e34c10d56e4cfb5b22b31f83ab4bdc86264fa0a28c02
719-079-6m-jr-mmn-rst.cnt,6281ce342db01fbeed555fb592d2999a327882cf67c952f2b3cc7d49f3d77ea3,6281ce342db01fbeed555fb592d2999a327882cf67c952f2b3cc7d49f3d77ea3
735-125-23m-mr-mmn36-waak.cnt,d8cbde52998b20fbe7306e21e85d61a602b666e72055d22731237b15459cf43f,d8cbde52998b20fbe7306e21e85d61a602b666e72055d22731237b15459cf43f
723-232-23m-jr-mmn25.cnt,b247235f289b6faae740c182059c4ba75097e279c725871741565c19ef44525c,b247235f289b6faae740c182059c4ba75097e279c725871741565c19ef44525c
743-475-23m-jr-mmn36.cnt,4401a2f6e514ddb032b96647e693926ac1b1a42b5ebd806411aa8087f0d3be17,4401a2f6e514ddb032b96647e693926ac1b1a42b5ebd806411aa8087f0d3be17
742-421-23m-mr-mmn36-2.cnt,eda241c460de328005d75068ee10936dc323ef02a9398c515721d7efc581d47c,eda241c460de328005d75068ee10936dc323ef02a9398c515721d7efc581d47c
725-161-23m-jr-mmn25-waak.cnt,0ec0617b9a17d9a7bdc302ba9f767924e06c06fb94cd0ca2f579764ce5a08ab5,0ec0617b9a17d9a7bdc302ba9f767924e06c06fb94cd0ca2f579764ce5a08ab5
737-219-23m-jr-mmn36-2-waak.cnt,d3c30a1616695772f737d41a9209abe984912f68b08b6c420ce6d3c90ad59539,d3c30a1616695772f737d41a9209abe984912f68b08b6c420ce6d3c90ad59539
714-082-23m-mr-mmn36-waak.cnt,2b48e4680bb184f82586fd3a2203224d0d4051d0bbf18afdfbf7cc434ec6a941,2b48e4680bb184f82586fd3a2203224d0d4051d0bbf18afdfbf7cc434ec6a941
733-108-jr-23m-mmn25-waak.cnt,daabae47cd6db746ae5d96073a7de30b6fce7507e3e29fa24a38f4e202ea8460,daabae47cd6db746ae5d96073a7de30b6fce7507e3e29fa24a38f4e202ea8460
737-219-6m-jr-mmn-slp.cnt,767ad6472a4d8655f60ed5ae2d95ff4496836cae3d2b65ed689acffbbc93e30f,767ad6472a4d8655f60ed5ae2d95ff4496836cae3d2b65ed689acffbbc93e30f
733-108-23m-jr-mmn36-waak.cnt,70d21f1a9e6e79a04de01d97bf3355c0de3559098ce0fe28a3cdb6b4f7872262,70d21f1a9e6e79a04de01d97bf3355c0de3559098ce0fe28a3cdb6b4f7872262
743-475-23m-mmn36.cnt,4401a2f6e514ddb032b96647e693926ac1b1a42b5ebd806411aa8087f0d3be17,4401a2f6e514ddb032b96647e693926ac1b1a42b5ebd806411aa8087f0d3be17
733-108-jr-23m-mmn36-waak.cnt,70d21f1a9e6e79a04de01d97bf3355c0de3559098ce0fe28a3cdb6b4f7872262,70d21f1a9e6e79a04de01d97bf3355c0de3559098ce0fe28a3cdb6b4f7872262
728-164-23m-jr-mmn25.cnt,f7a9f1012ebe8b1abe72ce7fa07072e785e69b6e74eafd0ae02b142313f715cd,f7a9f1012ebe8b1abe72ce7fa07072e785e69b6e74eafd0ae02b142313f715cd
728-164-23m-jr-mmn36.cnt,950c1b787d7344c1122447f31bb306557451da4861fa00dcaead39414c21153d,950c1b787d7344c1122447f31bb306557451da4861fa00dcaead39414c21153d
726-126-23m-jr-mmn25.cnt,8d6a35f6b5449c20f025852d4d22d11f3782f36d20194327ed0ea31b7d8adb1f,8d6a35f6b5449c20f025852d4d22d11f3782f36d20194327ed0ea31b7d8adb1f
722-135-23m-jr-mmn25-slp.cnt,7e9c3649cdcf6954e729ce32240fd7a2ade708d9da909e0fdf7da3d95bb7d666,7e9c3649cdcf6954e729ce32240fd7a2ade708d9da909e0fdf7da3d95bb7d666
741-405-23m-mr-mmn36.cnt,77b168f846514bc5b84b12eaa58c9988c3c5dd73d3fe35e9c798c0382665cecb,77b168f846514bc5b84b12eaa58c9988c3c5dd73d3fe35e9c798c0382665cecb
744-352-23m-mr-mmn36.cnt,6481a12f3d443fce5bb5017bfe0d482fd65fef9b71ddeff0b6a71b0a2ce480b7,6481a12f3d443fce5bb5017bfe0d482fd65fef9b71ddeff0b6a71b0a2ce480b7
737-219-23m-jr-mmn36-waak.cnt,efe2b02ed75d8b4f344f20b6e3a6c7672916971f9497a9d916291bd85e22d452,efe2b02ed75d8b4f344f20b6e3a6c7672916971f9497a9d916291bd85e22d452
737-219-6m-jr-mmn2-rst.cnt,2ef30d16dc320f800391dc02f99f6074de9a991b4a137ecb408dd8db2b8ce1e5,2ef30d16dc320f800391dc02f99f6074de9a991b4a137ecb408dd8db2b8ce1e5
719-079-6m-jr-mmn-slp.cnt,419ba37dd557369072d1a7256ca15d9130a1d8f3dde83c409b9d5522d82d9f6d,419ba37dd557369072d1a7256ca15d9130a1d8f3dde83c409b9d5522d82d9f6d
738-389-23m-jr-mmn36.cnt,5f2bafc4b5292d88c5d040cda8ced589d440ea3a8fcca43a40de1dab0f876041,5f2bafc4b5292d88c5d040cda8ced589d440ea3a8fcca43a40de1dab0f876041
740-396-23m-jr-mmn36.cnt,2359db4a7b6f84ec538bb9f36a4d090d55f923adc9944bd2ff5f30f71b96ae34,2359db4a7b6f84ec538bb9f36a4d090d55f923adc9944bd2ff5f30f71b96ae34
731-197-23m-jr-mmn25b-waak.cnt,42ba87a94cc784ce0821b1aad1b5fb7f2b7540495be121b8756dc711462f973b,42ba87a94cc784ce0821b1aad1b5fb7f2b7540495be121b8756dc711462f973b
739-368-23m-mr-mmn36.cnt,517a3214d2316b96619dffd4507494e77f5414b155aef2d46c87f7d4252a58ea,517a3214d2316b96619dffd4507494e77f5414b155aef2d46c87f7d4252a58ea
742-421-23m-mr-mmn36.cnt,3852ff9c053467b9cb94e353b59b11db0678b318a6a1030c337a22303e349b94,3852ff9c053467b9cb94e353b59b11db0678b318a6a1030c337a22303e349b94
735-125-23m-mr-mmn25-waak.cnt,80e2bc7144894284235ff980c4bc4f07e9cc0da3be5e540693374d63d6715418,80e2bc7144894284235ff980c4bc4f07e9cc0da3be5e540693374d63d6715418
730-201-23m-jr-mmn36.cnt,7d58328226b9446b97105b08e63ac1c90c4732bda7b5d3e05eb73323c993b587,7d58328226b9446b97105b08e63ac1c90c4732bda7b5d3e05eb73323c993b587
734-230-23m-mr-mmn36-2-mix.cnt,e2055e66803c5cb8bdb95532d9f1e03d158dcb65cde44673450e8c1837263f87,e2055e66803c5cb8bdb95532d9f1e03d158dcb65cde44673450e8c1837263f87
731-197-23m-jr-mmn36dummy-waak.cnt,268bd3e6b2b36003f8140b24972a62ff3109702774b38b5a7147e4f3a86278bb,268bd3e6b2b36003f8140b24972a62ff3109702774b38b5a7147e4f3a86278bb
753-470-23m-mr-mmn36.cnt,f2573dba7cc9d460bdd3bf0fdb25ba1cc0c398f51ce5a0c7dcd1cebb8ecc1756,f2573dba7cc9d460bdd3bf0fdb25ba1cc0c398f51ce5a0c7dcd1cebb8ecc1756
752-457-23m-jr-mmn36.cnt,049b69293285f3e4397c075d3cf866acd2bdb9bae56c1a91f743b9491414800f,049b69293285f3e4397c075d3cf866acd2bdb9bae56c1a91f743b9491414800f
750-462-23m-mr-rmmn36.cnt,f4c98690eaac7a030c1214b4cc783db8a37833eee605b8630053988a6191b53f,f4c98690eaac7a030c1214b4cc783db8a37833eee605b8630053988a6191b53f
746-438-23m-jr-mmn36.cnt,9e276d1ce20d4ab74564123c300f694053d9adcd48052412564be204757e91df,9e276d1ce20d4ab74564123c300f694053d9adcd48052412564be204757e91df
748-402-23m-mr-mmn36.cnt,b4aa61873e3897c962c2f8873ef1bf1e6d941ca670ea625c3cb8ede0007c173b,b4aa61873e3897c962c2f8873ef1bf1e6d941ca670ea625c3cb8ede0007c173b
007_23_jc_mmn25_wk.cnt,2b9ce60b45f32ea8b68c97c5f2a0458ee33f34d4576dc18f2bd7957b38bfafcf,2b9ce60b45f32ea8b68c97c5f2a0458ee33f34d4576dc18f2bd7957b38bfafcf
009_23_jc_mmn47_wk.cnt,5d4dcc12147713046b10bd33f34bf59b3a8d8e2b4820d5cca1ea9416cae19fa4,5d4dcc12147713046b10bd33f34bf59b3a8d8e2b4820d5cca1ea9416cae19fa4
010_23_jc_mmn25_wk.cnt,0a494e5ea5af0974f04649d07cab5326296d900e2507e10380a69aaae275b651,0a494e5ea5af0974f04649d07cab5326296d900e2507e10380a69aaae275b651
009_23_jc_mmn36_wk.cnt,75b70f47f68592f24c249486314b152e34f1cc1866f348e932b03888e4b33f72,75b70f47f68592f24c249486314b152e34f1cc1866f348e932b03888e4b33f72
006_23_mc_mmn25_slp.cnt,3099a9fde6a57fde9c29271f6e66edd2ec2205e7ce1d91ac7d2b947c672bb16a,3099a9fde6a57fde9c29271f6e66edd2ec2205e7ce1d91ac7d2b947c672bb16a
009_23_jc_mmn25_wk.cnt,dec808ed25812d0daf370fc09f7d9b19cc32a19f13b5455a1cf8ace57940eb04,dec808ed25812d0daf370fc09f7d9b19cc32a19f13b5455a1cf8ace57940eb04
745-466-23m-mr-mmn36.cnt,a1b9f5d41f234bf771a85a016c0f47eca47409706b9c614f8e32a0ffe72e93b9,a1b9f5d41f234bf771a85a016c0f47eca47409706b9c614f8e32a0ffe72e93b9
004_23_mc_mmn36_wk.cnt,732b3fb168e439c4358fa4e9a5b80b28643e462ebe6fe616e33a4f2ca37a8bf8,732b3fb168e439c4358fa4e9a5b80b28643e462ebe6fe616e33a4f2ca37a8bf8
007_23_jc_mmn36_wk.cnt,b39eee4bb422f743b9b5681d609c872dfa61a3124e1a4cd2bad4fcbfac4daf55,b39eee4bb422f743b9b5681d609c872dfa61a3124e1a4cd2bad4fcbfac4daf55
002_23_jc_mmn36_wk_mmn25.cnt,c7b11d8bd893380fb278d34c1f4fe33c2b8b241bf4fc841555d2ee0672e63e91,c7b11d8bd893380fb278d34c1f4fe33c2b8b241bf4fc841555d2ee0672e63e91
757-487-23m-jr-mn36.cnt,f8ba481f8422c55c3e30221393eb46bae890a09956f8a1ae9dabe5be0b53dab1,f8ba481f8422c55c3e30221393eb46bae890a09956f8a1ae9dabe5be0b53dab1
747-410-23m-mr-mmn36.cnt,4841a9c9a34bc0434280d7a2af0af3f9fda05729ee4852562000b06200eedcab,4841a9c9a34bc0434280d7a2af0af3f9fda05729ee4852562000b06200eedcab
008_23_jc_mmn36_wk.cnt,e8afbda11fe2c0df0d3d83cef3a9eaf8f442b64447d5b76510cbd82bc4be6df1,e8afbda11fe2c0df0d3d83cef3a9eaf8f442b64447d5b76510cbd82bc4be6df1
754-472-23m-mmn36.cnt,1f86cdaaaa53ddf20f815cfe2b52fd5211b75df52b7a32dd15528b23d3594368,1f86cdaaaa53ddf20f815cfe2b52fd5211b75df52b7a32dd15528b23d3594368
003_23_jc_mmn36_wk_mmn25_wk.cnt,655c45f6e8fb80d9027d5196018ed742afb2dda3982d739abd58eb2865492436,655c45f6e8fb80d9027d5196018ed742afb2dda3982d739abd58eb2865492436
751-452-23m-jr-mmn36.cnt,25b4f3598adc4ba6c5c256617cb952924efe2e681d65ce7925b612345d33f643,25b4f3598adc4ba6c5c256617cb952924efe2e681d65ce7925b612345d33f643
006_23_mc_mmn36_slp.cnt,60184c25204f185f34b1fcce68b99212cd97c76c03c92167671376095771da81,60184c25204f185f34b1fcce68b99212cd97c76c03c92167671376095771da81
755-471-23m-mr-mmn36.cnt,258b098791fd8e4faa0832276f23319edb1adf58efd65a7248c9b961b22d4fa2,258b098791fd8e4faa0832276f23319edb1adf58efd65a7248c9b961b22d4fa2
755-471-23m-mr-mmn36-3.cnt,92c1bd90dbc38d89494b45471fe7aeb6e804ec2946be7394dc4e1a4f614c2f5f,92c1bd90dbc38d89494b45471fe7aeb6e804ec2946be7394dc4e1a4f614c2f5f
001_23_jc_mmn36_wk_mmn25_wk.cnt,2d1663eb20407df5c705f93cbdd09953c4a0de7355b0219f1e74591d36d7c0b0,2d1663eb20407df5c705f93cbdd09953c4a0de7355b0219f1e74591d36d7c0b0
