file_name,hash
035_11_jc_mmn36_slp_mmn25_slp.cnt,87de64de5b60cd9d1feb3a155a5e02d813624a1e39e1d115e04969adcadcbaca
027_11_jc_mmn25_wk.cnt,5a0bdef0e4af61e0b353c450226b8b12fd4e6c0ec421bfdbc8bcd428f44fa883
025_11_mc_mmn36_wk.cnt,c8b38303edb8fe23879f8b2af42e04f1496136d05eed7df4147d16f37d800740
035_11_jc_mmn36slp_mmn25_slp_2.cnt,d85d2057359a505bfdae7fe87b95ce34afb9b0276f2dba7498b69688e54a1300
030_11_jc_mmn36_wk_mmn25_wk.cnt,768a0c174207cb4ddae03109f3bed873eaf408cde36de496f2c3708f38c8fed0
027_11_jc_mmn47_wk.cnt,aea5618725ed3e7f4505233fd6c221db0d1a033de90027b3169b8b91df7c61e6
028_11_mc_mmn25_slp.cnt,078e4cf69f8d19eb936b10ec33bdd26604293691ba7ac94b56b4eb4ffc895bd6
031_11_mc_mmn36_wk.cnt,dc3518ba8cd0a6f51c7fdc840ebe334a473206d8e9f917b6bc051f9e56d94dd5
035_11_jc_mmn25_slp_1.cnt,1006aab78f37e1ddd0016d5236200f10546f22f80b064899ae8b3bf763ffafcc
033_11_mc_mmn_25_wk.cnt,34063a53564bce3184412bcf9648dde15151d660110836889af68450b9700ad5
035_11_jc_mmn25_slp_2.cnt,068440efd513e2fbf7b6843f3e67f5e1904d6f8fd1a55b6f3e8b673eb3238ed3
036_11_mc_mmn47_slp.cnt,a9b719d1afad6f290fd012fd5b7dd46e7925ce1abc26bb641c6a4dcc67d267a9
034_11_mc_mmn58_slp.cnt,8d85e214f493104cc7f93c0e4e5b69f63b3754644a535e438f31102dc4e5b5cc
027_11_jc_mmn36.cnt,1aa59126a949421f50707648a15ef96f4d1ac6e1445a73030ebba3058bfc7c88
028_11_mc_mmn36_slp_mmn25_slp_mmn47_slp_mmn58_slp.cnt,5706cdcc672c086c421675bffbba2359aca9b26be9dfd7673b5deb23372473d0
034_11_mc_mmn47_slp.cnt,9ee71aa53dd30708a06671b3a2511180f719329b8602f95de983b84d0b0d8460
028_11_mc_mmn47_slp.cnt,ebb29635d600c252051510a2453d7c47c2f5da9717c2304a11ded3edad62a1d2
034_11_mc_mmn25_slp.cnt,e64dcfd3dbca66713bf31192787642732112b590bd9548c7f89efa09357f8884
040_11_jc_mmn36_wk_mmn25_wk.cnt,77a3b378a8626071499cf2cb1646fa89f8cbc5ead3d1506c1108ac5867b893d9
024_11_jc_mmn36_slp_mmn25_slp_mmn47_slp_mmn58_slp.cnt,5e642cd829eec8d1538f0ed79a41c9920c0caf000822a64596b5584866c1b7b9
029_11_mc_mmn36_slp_mmn25_slp_mmn47_mixed.cnt,9df2c6771491beb0a78d80b2a9b1f67feb6ec5aaffb21e0770688316ee856c32
030_11_jc_mmn25_wk.cnt,c4c0bb07e5dc5f5e9381b9f2cf4be14938b7a0006664aa7fc790e674e1dd8db1
019_11_mc_mmn36_mixed_mmn25_slp_mmn47mixed_mmn58_slp.cnt,6d3ce9712384c6c08fe1e82ae6044786727b223d90266cb1040591c38e898c01
018_11_mc_mmn2.cnt,ab76a64864aa4dba18aafef3f9f0a83296c4d2f933ad6f72f08a116155d84594
028_11_mc_mmn58_slp.cnt,f50589cac524e28841ef103428836026925ea3be70b006a36048993007886208
036_11_mc_mmn25_slp.cnt,0fb4a83a083956898f5dde21cc016bd8f7c848c2d9436187d74a2ad07b345325
023_11_mc_mmn36_wk.cnt,54b0565fe1bc4d47e5b8dc130f11215d0c9b16b98e940aece9187bb4ef9e0553
033_11_mc_mmn36_wk_mmn25_wk_mmn47_wk.cnt,3be28bbf73eefc0387c10b2b5a846d82e01fd3027f47a867cdb3722309d847b7
034_11_mc_mmn36_slp_mmn25_slp_mmn47_mixed_mmn58_slp.cnt,73766744c1e56f1a161f351f0f6123c90d37acaa8fc925d979756d50a31da35d
101_11_jr_mmn.cnt,cf48b07b8297510f8ec5fc263cad4ddb5cc4e755087d8a34d0aa3abcb0983da8
021_11_jc_mmn36_slp_mmn25_slp_mmn47_slp_mmn58_slp.cnt,793be38e38dffb5a3afa0a293d46ee9a0bde1ca06453d5549888353b09193476
115_11_mr_mmn.cnt,5a46c32586e2362bf34b35a343bb5c0e7172324080b82710959355b1f1fd1b78
170_11_mr_mmn58_slp.cnt,f94f04480218e3096fbbdefb8030da76d443a733b6f036389499f3d828f687c5
152_11_jr_mmn_2.cnt,3e0ef2cc0c649481238956fc78b53cd1889239abf0ee332ce8d0742aed77d423
142_11_jr_mmn36_slp_mmn25_slp_mmn47_slp_mmn58_slp.cnt,3e225d3ab3bd4aef3be8cca41d9e93ba53122b3c1fed1dc8df3ac9e7544aba65
144_11_jr_mmn36_wk_mmn25_wk.cnt,f309beb5886808612d88a022f3e8fcc620115c36f0b81a78e7a3d293164810d3
134_11_mr_mmn_2.cnt,70c3c6fd3a1d8e4c8be0195be29e46bdfd2e4dad3da2091f364284320fd2b045
153_11_mr_mmn36_slp_mmn25_slp_mmn47_slp_mmn58_slp.cnt,93bf6e23bffdc9fa1be9b1ea733171d6bcf30f68144fc4eb203a04db980d61d4
151_11_mr_mmn36_slp_mmn25_slp_mmn47_slp_mmn58_slp.cnt,bc4bf7a10817716dc16369058b1b2c87cdb2bd8fc0030f020b4a13fd5ddb4c2f
165_11_jr_mmn25_2_wk.cnt,6ca112dbd176b33546f8bf3d33b6fb7edd9286b02a2fc5c8fe7ed22cb40516e4
129_11_jr_mmn2.cnt,ef557cd5d89222fc5ae0a4351296eabcc01aff1f1fb55e01ad28daf7c3c9130b
109_11_jr_mmn.cnt,894a13c11815ee1a46ba1e3197e14a0cbf3ce9cffdcb8b5a41f215784b74032a
154_11_jr_mmn36_wk_mmn25_mixed.cnt,fca6a486d4ae7220b56877dbd8660c0e7074ff19e943ba01b2c089784223b6c5
122_11_mr_mmn36_wk_mmn25_wk_mmn47_wk.cnt,10692396886da0fa828f3fd337ff4e131b46bdf1efd20b22c852494ad48c7e40
154_11_jr_mmn2_36_slp_mmn25_slp_mmn47_mixed.cnt,358ba7d3463a91cb793216376706ab2dcc31fcef1f023dfb69a0617d751efb0f
148_11_mr_mmn36_wk_mmn25_wk_mmn47_wk.cnt,af9adf4b4c7e402a199c2aa7e9ce5353644197cf178db4786bd36cc920dde6cd
152_11_jr_mmn.cnt,b54bb0cd99e401a909ae8a44868e3afafda917b75560639aa6c5ae11ef1c43de
156_11_jr_mmn36_slp_mmn25_slp.cnt,3ab187ef6f19d725321961899946bbbc60fbacf5e9b3812474510dc2679b98c5
144_11_jr_mmn_36_slp_mmn25_slp_2.cnt,7c8e92a82ced256f3cada45dc0ffb5f8594b1a190b65d7f1ed9c1e3ab1fa0e71
158_11_mr_mmn36_wk_mmn25_wk_2.cnt,fadfcb869935a79e54178183ab78ec649567d9b9b2fc5582b1cd5ac87bcd03c7
163_11_jr_mmn47_wk.cnt,8f10c912626809d3ee25e86cb4d43eac3f2ed8dfa5e8a1ade0bd55886cbe8fec
103_11_mr_mmn.cnt,81139f9d6ad846b814a891bf3a0bacbedbd47726377ce0b406a4c5c12df7e635
141_11_jr_mmn.cnt,d41668a88afa108b8b45b0877be953df93525d9c5d5ce4792f772b9c485a77d5
162_11_mr_mmn25_mixed.cnt,d0b9332c047c1105742acba709d9572b7c5a67c8ec7817e80dc8b91fbd35c56c
135_11_mr_mmn36_mixed_mmn25_slp_mmn47_slp_mmn58_slp.cnt,a2a734713d18b1b8f7de7817348be7f355eb1c57c73e9db6646df4d9f2a8daba
163_11_jr_mmn25_wk.cnt,371c5a4aafdc80e40a944a08725b76ea499fe78558c8331bb03e8f39a63dc0db
138_11_jr_mmn2.cnt,e28f1c9cd45b514bb2e40ad0c380b9bb70de381ada6664bc78b26c02513fa0e8
119_11_jr_mmn36_wk.cnt,aa75b42c7188129c2006ab69ecd674410c1b9a4ea5bc4d4f7622ed44cedf033b
102_11_jr_mmn.cnt,14b8722fff669cb551057a1cbb2627b67965ceb14b78da0a80f1c8c423053fb2
137_11_mr_mmn36_slp_mmn25_slp_mmn47_slp_mmn58_slp.cnt,5a18146c38c9de56947fd97e6039126c1f7994613cd080aa49d246d0ff5a80fa
108_11_jr_mmn36_slp_mmn25_slp_mmn47_mixed_mmn58_wk.cnt,138a89c0454b2d1945ac4637cc038c2cfd28b8b5b8d7a00dda7dbef538d13dd8
149_11_mr_mmn36_slp.cnt,ba8ccb2731f2764f79bddce80c9985798f39409ab3ae5f93d68de789727ffd8e
103_11_mr_mmn2.cnt,fd381aafec7f364bfc8df5a368ac7034ec9bcef70e80414bec0e7e5ef2fae803
146_11_jr_mmn.cnt,2a055e9e25175498159f5b25ebf7166da9955b855412b6011550b71bc95e8480
104_11_jr_mmn.cnt,e188646dcc0cca0a4c821725589c18716c3d6e58d050e7bdf066055849d99f4b
164_11_jr_mmn36_wk_mmn25_wk.cnt,7d464bae7bbb12fcd78fd68ddda02a587ba5eb7910aea4e7fbbfdaf4b2e68a5c
163_11_jr_mmn36_wk_2.cnt,e142dd76987b5ce39d9e36e075e921de14ae186592e93eeb8c96fe410e9964b1
148_11_mr_mmn36_wk.cnt,3df94bd9ee1dc6f833bd967acdcfda12979239c145a589c7c431f6941334ca7b
158_11_mr_mmn36_wk_mmn25_wk.cnt,3545e0e745b2ae2ce81bbe26d08984d862dc2d0e0e5d8b7a03a730aa6713c21e
108_11_jr_mmn36_wk_2.cnt,858ed3df8521d755ec55079df68657ca2926158103bf0097546adf763073681e
157_11_mr_mmn36_wk_mmn25_wk.cnt,534884d57529b878f023ec1a369fdfe2dca4e697b9a9c137be0c3c8de840b74e
163_11_jr_mmn36_wk_mmn25_wk_mmn47_wk.cnt,51cfe4a2c94bed035bcc3f42c6b7ae4235173bcef007bcf929fdd5f1377f89c8
162_11_mr_mmn36.cnt,3beac65212c191537c456c88fc2d6c7ccef9f5cb523851378df3f4e935adc2bb
124_11_jr_mmn36_slp_mmn25_slp_mmn47_slp_mmn58_slp.cnt,470597e167585cfc8cab187eab09c4179933a5697d3910a9af389a8625fc26af
126_11_mr_mmn2_25_wk_mmn47_wk_mmn58_wk.cnt,0da2a8b26f8028bbef13f2314c5544fdcfb9afa1e3db91ee3e73659e3bfd7465
145_11_mr_mmn36_slp_mmn25_slp_mmn47_mixed_mmn58_wk.cnt,b9a8a80ec8e7b220ce721a54b1cf8e2c5f4b3ebbf70836e67720a82f5fe98bae
159_11_jr_mmn36_slp_mmn25_slp_mmn47_slp_mmn58_slp.cnt,e6868c352f874ae288839257f751e8383bc2976113a2154473187e545680d639
123_11_jr_mmn36_wk_mmn25_wk_mmn47_wk_mmn58_wk.cnt,e9bad3d953f57de060dc59ab4f3d18362b6437338f33b6f65ca679f4f8d83c3c
156_11_jr_mmn47_mmn_slp_mmn58_slp.cnt,14faa1d477a674f876556b6a511e0993622b3b42dd37425b7153ab3a940aba88
105_11_jr_mmn36_slp_mmn25_wk_mmn47_wk.cnt,d856728f8ca6805ab4f2632fd9ef4228eeb31dde0846c8545ddb9f3eb18674af
128_11_jr_mmn36_wk_mmn25_wk.cnt,7ac6517812b10d08127a6e68f34b4865b4880c616d6db16b15b1d6fad0b61d0c
170_11_mr_mmn36.cnt,aa46ab33be551561f435bc1a1bc77bfd9ed869b7e918ba8782c6d6fabaedabf1
165_11_jr_mmn36.cnt,c2a19214c97558b1fedba01a2474cc59b80435c8efea77e9a05a8eb5481c126b
165_11_jr_mmn47_wk.cnt,c9a8fcbd03d467c9f5107706244d8c2e85935d2d2986f139aa20540dc694a09e
169_11_jr_mmn25_wk.cnt,92a0059b5d96dd86b6df50bcd93a2149c3faa327a8c854764e77137efb3a292a
168_11_jr_mmn36_slp_mmn25_slp.cnt,692a2dbe6d376bef4611817e6da2d036f1d0941ae4560c52e07f47f060b50d0a
168_11_jr_mmn25_slp.cnt,aebb7a2b10a38a40e7f83466c882833b8af8cb05724258b97014ef1cf385b099
163_11_jr_mmn58_wk.cnt,ab7c5e66ff6013a22abea0703a72f8ec860a9ad42e7abf0676d1dec328b4e78c
164_11_jr_mmn58_mixed.cnt,fe5bc479aec7ea2578257eff7a711f5e462e978409ca43999b387b6e30bb5231
121_11_jr_mmn36_mixed_mmn25_slp_mmn47_slp_mmn58_slp.cnt,8c348e6afb26079ce803429bc6d1ac3fcf2bcc41d0f39a64c9e4659d3406abe1
107_11_mr_mmn36_wk_mmn25_wk_mmn47_wk_mmn58_wk.cnt,cbaba8fd6f6e3bcc9fb632162b52c9a158fb9652a12c1d8fc5edbb18261b35b6
165_11_jr_mmn58_wk.cnt,876415818a07db2b92f002d8261c449cff1f3b6772d85e421026cce4d4eadcad
164_11_jr_mmn36_slp_mmn25_slp_mmn47_slp_mmn58_mixed.cnt,3e0d91e5ca1048e530cb4b194236ef1c280d4b14305c495ea763a61fd2cc1fea
138_11_jr_mmn36_wk_mmn25_wk_mmn47_wk_mmn58_wk.cnt,17e9838491803480195e3e3c75879ccdc6928cba6aba372807476942c5698901
126_11_mr_mmn3.cnt,09ce6f54b569a896b3b88d015bdbc90fb349d120a16711c1b9640e0f14eb6a65
164_11_jr_mmn25_slp.cnt,8bce8a4a117c0d0a694517b82854ef54f60ebe0113802b0753719da208774e4d
134_11_mr_mmn36_wk_mmn25_mixed.cnt,f319e0f81ca0e64b9e4daf81f7b5c2f0baab996447c0456bf0c400de548fb523
139_11_mr_mmn36_wk_mmn25_slp_mmn47_slp_mmn58_slp.cnt,4dbeb016d26d75affe745b304c391321472ec1a0717b264d1c7ee3d4bed11546
170_11_mr_mmn25_slp.cnt,800cc592403d6c72c8b6f700f03a20699ee5440d7736dff584fd42c9e190416b
170_11_mr_mmn47_slp.cnt,599da1ed47f8a46832500279bfab48cc130a21903b4b3c380fc65eb4fa80e683
164_11_jr_mmn47_slp.cnt,e6b3c780e4108ccb26277383039e786395b54ba966ded138beb6b0dd41881c58
174_11_jr_mmn36_slp_mmn25_slp_mmn47_mixed_mmn58_wk.cnt,afba49030b9c5d51c73d7ffff557d7029e8bc82da324dd01f5a8768417119046
336_11_mc_mmn47_slp.cnt,ae9be4d255129dee7b9695807cc0c3df23bb8a9a60341df4b077c22d44185342
321_11_mc_mmn47_wk.cnt,4e64c380835c2f83db19d1b99b55bb5be2ea1d8a196230b6fffc73fb8fe25b2b
325_11_mc_mmn58_slp.cnt,0cfd418d2a05d8e982b888b2824a3d6aa030be3a9f7c0781186963dc7b0b7969
334_11_mc_mmn36_wk.cnt,a2dff72bbc62771b845b0de1d5a8668e4ffec9c3fe4af3c086317101d8b0b669
181_11_jr_mmn25_wk.cnt,79eb37c7278183e780bcbb57a49d64f16c36453efc111cc16b033fbcba137e7c
334_11_mc_mmn47_wk.cnt,5ef00ecd6d78f3b221509ef154e1c1639337927be09cd31acf01626fb7b81abf
182_11_jr_mmn25_wk.cnt,1f44586b6674da3468b49bbaff96fbd3436f7892d5bc3260fa95ebc8d96b6673
340_11_mc_mmn_25_wk.cnt,ad5de3aa26a2e67cfc0891bb408d7e71c0ad8cddc5342849f28c49e65f08d4e5
171_11_jr_mmn36_wk_mmn25_wk_mmn47_wk.cnt,3941744451a8d801ad24b00b755c19c636b997ef92db96eecda473960fa93519
325_11_mc_mmn36_slp.cnt,01dc8f6570d12227b8e3fe0e4bd0b4cef4dcff88bf809cdc0601a04c3b487e30
333_11_jc_mmn_25_wakker.cnt,216f8a4e0c6e215cc4af807046be820b3e0876935942551e2c9c96554c88264f
321_11_mc_mmn36_2.cnt,e025a5bcbfaa9188d091c0aa9578f57a520433ecf173cb8d614cbde7f5d111d2
182_11_jr_mmn25_slp.cnt,5b6f21bfb10d429ac013b09b243e7be25095fcbaf0b2f7a82afa7aaeade98dcc
181_11_jr_mmn36_wk.cnt,82e88cbfe99fa7d4eb861be812d6637fc9760d8acde513fe5740655efaebe93a
329_11_mc_mmn_2.cnt,58409dea8e269c4308380fd43a502d731edd8d99257eb4dcf7a55cea0138ce4a
304_11_mc_mmn_2.cnt,c73a9607628793e7d5c030ed3920d10ad6655263f2c80ab9252079e82e329ae0
178_11_jr_mmn36.cnt,a8784199c7ff2b582130e7baa1a6d7d87cc95d31ebf3a69e4652cf80b8323cde
321_11_mc_mmn36_wk.cnt,35f1be1bb0a21dc6fdf5928350a0169451e397656641392e76f5ea5de9bd9880
338_11_jc_mmn25_2_slp.cnt,f6d6451b01ef3daf259edec301ab7189ac8758df0aa68b7e0a268c91b147ae64
344_11_jc_mmn36_slp.cnt,db76f1280e3e914d905ec377ffd02b992a87a0c1f372b88e6dc9ed121c623ccd
342_11_jc_mmn25_slp.cnt,7c0a754a81cf64cd9abc204511647f4e549ac784a778ffc7412c8f599d9ff46b
345_11_mc_mmn36_slp.cnt,d81f7dbac5d186f2734b6b29126e9e9da59d04c3f830650da7846942212719b0
317_11_mc_mmn_2.cnt,46ea10b2384ac96566caa710e8a962d0d54f5e3ebff389bbe2d0613bc84bc548
326_11_jc_mmn_25_wk.cnt,5698c3b146716b36c3a866481af0c0b6ac9064d0a731064a93577c7405dfe378
344_11_jc_mmn58_slp.cnt,69a87ed5f54167df1459ebfa929844839999ca0ce970d538e987b45ae45c579e
177_11_jr_mmn25_slp_mmn36_slp_mmn47_slp_mmn58_slp.cnt,b84b48f4ea58ec98c6b1962c6521e190f50d4f9287a116130f1ba362ef93b400
337_11_jc_mmn_36_wk.cnt,20dccbc47649d2a490b9756d362cd1211042f3b8938428caa1c273333637cfc4
333_11_jc_mmn36_wk.cnt,868f80d66f2a8b85f782203a72da6bcfe7c2e1ea6ea0059412bb635546294196
182_11_jr_mmn47_mixed.cnt,a31175e97ddf30e4c7b786c6ddb35b372928c072bae31cc48aab21a109c7868b
336_11_mc_mmn25_wk.cnt,ce6662e11af9ace7faa584a79ed53b0b5282498b0b5e6c5550ef77918e3c5511
336_11_mc_mmn58_slp.cnt,3d7b9b1854fc26b0b66e484ba68f3d7fd632097dc743aedfc781b2ffeb9e82de
177_11_jr_mmn58_slp.cnt,dce86b411da504702dca4d1a5431353ed989db71b91ea7e308d1a9ddc1b9c878
334_11_mc_mmn25_wk.cnt,0b930d5f91957d86ff0fcd4598efc5925d40aff6278d9a8608907b467309814a
177_11_jr_mmn47_slp.cnt,458bbf00c710db8ebee8111c83698cf041b5c09f03005c11ae09674bc8b7e3a2
182_11_jr_mmn36_mixed_mmn25_slp_mmn47_mixed_mmn58_wk.cnt,d389dbdea5805325ff9ab7def82e08dbe5d9f9203e82a9469caedcdbce43457f
174_11_jr_mmn25_slp.cnt,be0674338923c13545a4e6d2be2f721168c48259c2ab8241920caec8afa295c2
325_11_mc_mmn47_slp.cnt,df8051675492920e051c75ca3f3820cd12d4d4e80548f8e90175d37ee758ef94
342_11_jc_mmn36_mixed.cnt,28ac5b74346e7a3f88569f96fed9d854322631336d6b990cb773f9f7262e22be
337_11_jc_mmn_25_wk.cnt,12f9943e8a31ef8612a7694921a7dfbf368eeef618779a999a3d71e389cc7e43
176_11_mr_mmn58w.cnt,7a72286aaa4051d75a2fd5cf40967a22b55e721b79d3b839b74167ae41b3590a
345_11_mc_mmn25_wk.cnt,230c1484374ae8d2ba7d185b610d57d882cf3f0fd1c786ece6075078e9a6256d
171_11_jr_mmn47_wk.cnt,0ae856ce21e29e5a7756352e5ba8f7af70bf503733102e6f33d02ce0aa8553f1
326_11_jc_mmn_36_wk.cnt,7a71e29eaf9e241ff0bce2083ac24ea22825974d69897bfb3e98f97e3296d6fc
178_11_jr_mmn36_slp_mmn25_slp_2.cnt,35c195d771f18f64b67ed5294ae40b8017a03e9dc0af5e4aaedef5cebb0cc7a5
345_11_mc_mmn58_slp.cnt,75eb2d837318fa6aed8e521683feac7eecad814ccb8b8a51d68045cdd0ccf2dd
303_11_mc_mmn_2.cnt,9802eeb2315dd9a123579a91dec60fe6d66a7857c00ca296877aa8b93acbe42f
335_11_mc_mmn36.cnt,3a13694dfd68a68bfe748fdf90eb3f24b4aa1fe730d7237e9f505de822d75634
338_11_jc_mmn25_wk.cnt,de969a34e23eea2206d58944d41b0ef717a4859196b22f79d5c05b888772839f
182_11_jr_mmn36_slp.cnt,45cf973092c1e3beaaa1f3dbce4fcea6ee3babb8ea1e7f994dd282fa5f8d09d6
176_11_mr_mmn25_wk.cnt,15e2b763f12dcb4634164908ef546ccab65743a8bc6bce77e620a0c9fae287aa
344_11_jc_mmn47_slp.cnt,79ef16e8ed54d566d23885364a6179d0e6b59a31729fd41dd0b0a9ecc9f91880
321_11_mc_mmn58_wk.cnt,ccd4d134ca3052dfea309a8d870627db9acfaf0e84de812907a5786e7029b763
171_11_jr_mmn25_wk.cnt,464bb441813620703ee21ae1a876945cbc4cfb9f019fd160117dea37477762a4
342_11_jc_mmn47_slp.cnt,14b2b0872ee1a661f2f05e01eb40c0a6ce87baa1ba2480c32d90ec5a0e75b708
321_11_mc_mmn25_wk.cnt,ce6257cd9c9b58416fc9b1f53b1a270d35ff512be19b660898ba87c41f1c14c5
177_11_jr_mmn25_slp.cnt,210e4548e238fbbbcccbdf061af6cc2ee0f353628f6088540055bac9493c2436
345_11_mc_mmn47_slp.cnt,d007bdfb54c0db5f0818c3884af2edd48b763c1007037f08c6b9e465d0c69b10
336_11_mc_mmn36_wk.cnt,d905a740e189a550ae921487bf12ca61ea8941702342e0d7b0df31a226c26233
174_11_jr_mmn47_slp.cnt,1012bb96307b0a3e6b519061b965ab19be38d08ff0d3b30a103ee95e63f61cfc
334_11_mc_mmn58_wk.cnt,8664288b2b827b21ebf1a0cf634a847ba910bd70f75303e713a2965f103bc62d
173-2_11_jr_mmn58.cnt,9851cc4a876d64eab27de06be99945cf421ba9b6dcac22ab9f177020e5a4a803
178_11_jr_mmn36_2.cnt,2c4aa2999734dae357eca6d03afc7b4b803713c2378124060b32e84c90b5c579
178_11_jr_mmn25_2.cnt,3b6fa5fe4c9f4b485b5207c97f48cb79451c1ca24a432fd62ddae5c0410e22ec
342_11_jc_mmn58_mixed.cnt,a67269668f2375078f76a1c27d33fe5d6cefa7d846b072dd596b4a6069710a29
335-11-nd_mmn.cnt,2781ee5e9a9a55746132dc7a9f707fcf5cec2a09e4113e0a271860dacbd41e81
344_11_jc_mmn25_2_mixed.cnt,e4cb2f89e2913db20dc1b431f4f69da4dab7f15d133f8e4cc04623d35636042e
346_11_mc_mmn47_wk.cnt,9157332d4741998d532fefcadb29659bbbba060fd4a151f2f35fe0e75dfb2362
306_11_mc_mmn_2.cnt,57cb0cabf1a9f0add70dcb9e634573ce11856bc9efc50754d0de3a5c3cbbbddd
181_11_jr_mmn25_wk_2.cnt,235d3d3cb0ecb5fae574c11126d9b9f928839c9e96665aefb7165437a1d41351
173_11_jr_mmn25_wk_mmn36_wk_mmn47_wk_mmn58_wk.cnt,651fada1c7de8d55f11bbe35d5f0864cb5d3c830e0c67055842d1ecb841cc4dd
338_11_jc_mmn36_wk.cnt,73aa32b6abfe6354a9c24a2bbe06240aa0182fb3951b83fc59c0541c30d2d8a8
346_11_mc_mmn25_wk.cnt,d9b14dff9a278b3431c3f00dc2116fe397cecdef29d96a9d9a38c53d31dd1e22
176_11_mr_mmn36_wk.cnt,ed45a86f9058a308baedd327d98d81c5685baf18d486eef611e187579e54169a
174_11_jr_mmn58_slp.cnt,c48635e2e314cf9751aa0de110ce953d8c0c39e132a8a36853c8632e0bac0eb7
333_11_jc_mmn_25_slp.cnt,f5db11134ac18f2726124e5b25b33f3209deba8da74a0c3cffe206d12ed2b891
176_11_mr_mmn47_wk.cnt,eafe1d0ac317f5a3987b8dc6cdc2d274fc3bcbecc21ad1a7d0c5a7bf3b7e7d8e
344_11_jc_mmn25_wk.cnt,627434ae0ede6bcd69392bb88798810f5a77124c49dab36c770076830850d882
173-2_11_jr_mmn25_wk.cnt,ee36167025d5482f3dc2aab0b40c0a49d9b3b0a981c1f9d827799f69bb7db461
325_11_mc_mmn25_slp.cnt,d43dae36678df623785805f30572dc19be132826c4d40ac72c8d7f391687216a
177_11_jr_mmn25_slp2.cnt,a14243bab6c2a8c81e9ab45ad59e27e809b723a6fd68e4881dee57f25cedbaa2
348_11_jc_mmn25_2_wk.cnt,2824a7f428144e835f35709d4f2e4b87cb46c4aab1006c91d859156639dc5d76
173-2_11_jr_mmn47_wk.cnt,e349ecd1298e60148fe8c09ac4dbb37adce48888b839da032049c54171e5fc08
342_11_jc_mmn25_wk.cnt,87a2ab3f39d0e924c8b03cc0a1586c41042eeef07e47ea5f1165371eaa630372
340_11_mc_mmn_36_wk.cnt,0c71d477f8e18713209a915e1c397f5bae3e36eeea45818e6aaff93a69eb7858
313_11_mc_mmn.cnt,932c1ae14efb098d0ee21bde23fe048290ae24af8d853c937631d26abc19ad75
346_11_mc_mmn36_wk.cnt,5dcab17373c32fee26fdcdefabfbacb24ff1528931dc300743d28564d90cb0b6
434_11_jd_mmn_3.cnt,6893b279b31b0effbe9fedba4760c5d80168ab6f0087507b77d2fdbea1c85c3a
317_11_mc_mmn.cnt,2222a2f6bd374f5f1ea12251c139941cc178d4266b04f0ce2eb8c494f5142235
434_11_jd_mmn_2.cnt,1593b7fa2ae50b54abd142958fd284f1191987b18cdb7cc51e62dbcd5ddad094
329_11_mc_mmn.cnt,174d236217a7a6f55b762aa214e81a1a021d5e451c911cc271f9452b20d32e7a
332_11_jc_mmn.cnt,62d75ad1624e9983a6022c54204d225516a90d06af733d14b1376fb18a8c5c1d
348_11_jc_mmn36_wk.cnt,184833f01b6670609d7842d6128e37ce53e2486a32a5801ac84f02a957eb0833
303_11_mc_mmn.cnt,3b135007d9a4c9d96da6de07857b99fd9d463c82c6068c44ae36ca7bbae69633
434_11_jd_mmn.cnt,13952c85308d3035766941710bdcfe63f4d0f14609eb1ef0ac39bc0f2cd67c1a
348_11_jc_mmn25_wk.cnt,6b3bd622c0e51e98835e7957414a0e7a84f27a61791640cb61b2c9f2ec6c5ec9
306_11_mc_mmn.cnt,1b5e1c7c67bc621b3ddd4982b7ea6d1fc6fff28c99d9742053646d9a10394528
304_11_mc_mmn.cnt,dff5b55fadb61faa5c302300020b340ad2720e56b3e5537d393a5c8a6465c841
468_11_jd_mmn36_wk.cnt,0c87baf3df193403273469afbb3175982597e31f82213dc05a0d53bb1c1c2b37
310_11_jc_mmn.cnt,7c519e41b10c4d89424be8a330c82ca766fa787102ede0eba5e758e0d5d6e9aa
309_11_jc_mmn.cnt,451cf312202b4f1c887819a6db8a2647bb6ddcf51a4bea4850649b8d4a7fb426
422_11_jd_mmn.cnt,b1955c0773c604e62e0fc5b70dcedb2f65954f9507f029668c87e4a71cf6f7ea
301_11_jc_mmn.cnt,037c2e4949436bcdd2eb93c48c18724375e952bd2b87cfd5b6cccde93e2d6776
330_11_mc_mmn.cnt,8aa1b1a43e09a0738acb7d3e32aa5303ff90aa8f49012361160586282c101a6c
451_11_md_mmn25_slp.cnt,b3fe6ff3082a3116f973a3771aebd2729706edbb524a2dc20b5d18874f1f0df8
313_11_mc_mmn_2.cnt,a21f9e31114948a4fa7d40f684d18d90c0aeca896a30bc80f3514f7caee29857
453_11_jd_mmn25_wk.cnt,6f7ec96bbde834b462954cac78f7408b94d6672f51d030cea56b9ef418df5627
456_11_md_mmn36.cnt,49fff3ac6e04beeb5fd0819cc87a5dd47a02d03897f16597cd6dd413213cdb77
454_11_md_mmn_2.cnt,2cbe7d24eed4dbbe0719246d91754de9ebe7a6c2c4e0fc292a07d146f0013f9a
450_11_md_mmn58.cnt,7b61cfd15bf4861123524101c45e3eaa9229e07a718b212b2798d27223706c69
456_11_md_mmn36_slp_2.cnt,ef85660fe25bfd424c6d0019db2bd02cd1f423dd51ee90b6feba29440946d078
453_11_jd_mmn47_wk.cnt,f18e8015b41fd1ae551a580ee9138d31fa553d1c000539a5c00b5c66eeb2a909
472_11_jd_mmn_25_wk.cnt,e5c4311c05f305b39f10378c3b3c109bcdfe375aeefcfdd32883a9e9d5317752
444_11_md_mmn25.cnt,7bb5958d565b9b6cfdc47030fedda4e2d71801d4556445e06c4c029aedb85507
348_11_jc_mmn36_2_wk.cnt,01429c6717e306ea1ae8250780cdf9da4ac09ecf5814cc14d7e581c24de8300e
320_11_jc_mmn.cnt,c6de6fd68f14153e66e463be2a15fc69bf924a89fe132838aa1fed23e5ebd0dd
452_11_jd_mmn36_2.cnt,4ed97818d8618ae8d2a38fb03507bee8d71eb464003ca7c90d07591a37139183
452_11_jd_mmn25.cnt,fa4592a2790a4dec2ede22c80d43b75e8a9b194451bb82a28823e8acc2b73ee2
443_11_jd_mmn_2.cnt,5b14009fa8ee20571831f2584ef064586fde098c60ba0377f242ceb8da1cdc83
456_11_md_mmn25.cnt,3f9723f1afb4aecf50029bffacdb075dd0c14c4cb44d44aa78d0d1ad3f8f6884
444_11_md_mmn36_slp.cnt,5b85fefda52b1759c01d32f2ef91b97dc21bfa238565b3f58ea141bf66a794fa
450_11_md_mmn47_wk.cnt,2791c4f1814d508b745e3f5edaf399909915e77fd7a1b4e9e1fb4b37759647bb
438_11_jd_mmn.cnt,644b9bc0a78742b896768c8431ba694478a2ba592a426fd2ab57851a4442cb12
450_11_md_mmn25.cnt,60ae46354b44e585e8c5050745ccd712c74ee1c992e49afef27f47e3b5a80b90
466_11_md_mmn25_wk.cnt,9b8f45ed90e1e2638c24356564ed9a661865f0a72a9ea8a2439768a570054fb7
468_11_jd_mmn25_wk.cnt,7b60062cd4528f404e35b47cecba2677d7780e1cf86d349dceab478d3bdd59e1
452_11_jd_mmn47.cnt,658ff15982c904469e78190b10a5fc981782ce095220ea4d93781a404df633b4
453_11_jd_mmn58_wk.cnt,33fcdf8c4b01d75613e08fd61320db82868fde72d27e2d24719fb7199435953f
445_11_md_mmn.cnt,59aa2d6a2941e9662ac8759b266f8ef4d10dadde2641f875c21c09a42d75de60
451_11_md_mmn58_slp.cnt,0c5b2844008a6fd487b73aaa7b5f74713e257639efbd84e929db130647e18a05
324_11_jc_mmn.cnt,c3ea17fc6c49b9651e5fe70ac13f64228bb03ede6f99e350174db699697de644
443_11_jd_mmn.cnt,bad0fd8cd4d9c4d97c77af54e6e85881edc4790714e76597d840169d6d519118
451_11_md_mmn47_wk.cnt,d415c2ee5760a52922e84537841794c60c6d4597827a1a9f2f6dc41569b0b2e6
450_11_md_mmn36_slp.cnt,4b8f631c11b6d4b2b2029ae63ef52d7d85f59623707d6e567d5f08d55793d499
472_11_jd_mmn_36_wk.cnt,b41a085ae9b846bc25738a93955f8c5474264db33960a7503ed9fdcbb904ef9f
456_11_md_mmn58.cnt,a9827b171f00acb0e926c677b453840e4ef7222ab38372ef0ffaa66314f9f239
445_11_md_mmn_2.cnt,8add80b3a1b1c645149fe27281c2078352f3dd666a192d0eda59d30bd4e05b85
459_11_jd_mmn25.cnt,fcb873877ac986b045dd3277cdcf9b36559f50bd326004ca24adaac4e1f4ce54
468_11_jd_mmn58_wk.cnt,15787fb88b2db8f8a4870b301cdb1c357ab642b875711e470b9dd2489a2c4f3b
455_11_jd_mmn25_wk.cnt,cc78c53b19077ccc9f49e3f9e60cd85d4d1e47d3e4a5cb3e3890e7344fea8bd5
456_11_md_mmn47.cnt,2408953adb500776f09cecd550e31ec78a443ab093709ac5114c69875b0706e4
452_11_jd_mmn36.cnt,c91ac459cd089a0fea5aa5fbbac7ec445e35424bef361f67565a5c11eb42fa4c
471_11_jc_mmn_25_wk_2.cnt,2bc084ec20a9d0ea97486dffb15d50e6c16910db8d33db028952e32d2d4ccfd6
444_11_md_mmn58_wk.cnt,bab13e354d8dd36913094a8ff0c3cac9146e7acd277ed5a9686900cff86ac86b
455_11_jd_mmn58_wk.cnt,aa1e318958db7f2e3bf59f1184ff1adc3c5a7def2d67d72162eb592a16ce0cfd
466_11_md_mmn47_wk.cnt,c47412481737b78f87dfd059b5f011dd32868b732e14755d06a969c89995360c
455_11_jd_mmn36_wk.cnt,a428a2a66a12959a806688d94d7ba950c9e5e31458a655f913c78f57fc9edb44
453_11_jd_mmn36_wk.cnt,dbf070b651f6774e0f6af4785626be930cd6ac2b9721c77c272730c33c12bf53
468_11_jd_mmn47_wk.cnt,b80fcb98682230ccaaac2130fc93cbb24dffef0600239350dbfdbca42590aef2
471_11_md_mmn_36_wk.cnt,a01b840198f7f1917001ee366c1361160a6cae74b66af450368f3fdddbda23c3
452_11_jd_mmn58.cnt,41d522b0d5a08d7872545b057b6cf2d30970c173f1731b7302ae5401c19436a3
466_11_md_mmn58_wk.cnt,0c5ff536f7988b451ea4144d5d83527a95501753da9213cb1bbc34a9f532429a
466_11_md_mmn36_wk.cnt,f6b26e5d34f7b91d2c5a8adb1a6ab52c6f68ec111267112fa1ec6bc961143477
469_11_md_mmn36_wk.cnt,70390c23684b7cd0ad87358600a016502ed07bd13d37f4958c376db47fbe8bd5
469_11_md_mmn25_wk.cnt,f7bc8497f8c55e4c3b6406306b80d3c41462fe82e5321d1630c20d6ba742b024
465_11_jd_mmn_25_wk.cnt,326bec7536d894aa1b002ddbc17c5c504d42f221b5c6ae2d688f7dba2d23cce5
465_11_jd_mmn_36_wk.cnt,683246c6e667fa1854547c0c7865f26cd73ddd8d17ec01d51827b97b58c48a31
474_11_md_mmn47_wk.cnt,caeb2325256743acce05d18f79814b12df10308f92fd364588ffb13f81ac083f
456_11_md_mmn25_2_slp.cnt,e5dbbe9e3c0fb212e57f8c6e1c76eb128c2134ec1480a8adecdf31768a10b2e3
451_11_md_mmn36_slp.cnt,905be48b67c8e8c5651906159a5f939c30e6ddf855aa102d31a6ec6697250e04
469_11_md_mmn58_slp.cnt,83e77c7f2c6bdb98a2b29713ace74ca9c598358e283414cb81ba3edbc2e52c3a
465_11_jd_mmn_36_slp.cnt,3db200ad47380efbdf8b9f78116d35f1be779de931dcca81f7bc7eefd36eeca9
459_11_jd_mmn36.cnt,ca01ee3b4ba43095765b3a3463ef93798cd076c4c9e773d19df0eb7e31a48119
471_11_md_mmn_25_wk.cnt,d290bfa5374ead35ccef3befe2de81d12c2d5ad0b0d78e2977ca5e5b44d40fba
469_11_md_mmn47_slp.cnt,9e1a20fbd6ca4cf639650fdd82dcd7a7be869e1a8e07b5ac49418f6da20833fd
474_11_md_mmn25_wk.cnt,8df9d6aa19ecaffe499eeb397f84b12523789b144c7f88b7d02d19f4600a9089
475_11_jd_mmn58_wk.cnt,8bf831555b0b0ac83b44c22872bd46e8a7461a7e28145bd3cfb3b861d9e1d200
444_11_md_mmn47_2_wk.cnt,3cfb23057ca21755deb01b875ee74944f1f37f3b93d43d8dbc433f4a56fe5835
455_11_jd_mmn47_slp.cnt,350d7f040370125f0f0ab420613cb92ff5240f7de500f183b61a8c4ce7da21ae
436_11_jd_mmn_2.cnt,fe676c42fa7006ed18198055224180bbee13664554e8d608746b9c69b1a468be
472_11_jd_mmn_58_wk.cnt,18f3947245090d5b5dbcc47b107d8db67b4882ae2bc09c87640fd8cd3cef9eba
473_11_md_mmn58_wk.cnt,59364b9e3424aa669a3032b46d6d2520cc9877e193b385ec4ff1a610b99b28c8
473_11_md_mmn36_wk.cnt,4b1017883523fa05a3dd52083b5a0bc03c013ed58b23e384658ed520484d71d3
436_11_jd_mmn.cnt,d48a097df834fb52156e0fa77713046da0d2476b4c54953679e9062dac38ab45
457_11_jd_mmn.cnt,917ff38602388476b4d0f724f07dbf869b65b1d96414a9f15b04deb1711fad63
480_11_jd_mmn25_wk.cnt,4d9fd149a92f2fbe33d29604406b743de9ad0455e083ab49b242d72d5db83797
475_11_jd_mmn25_wk.cnt,659872fb81e51267ab73cd090b870e4c594e98f91d60687bb89489222b614233
459_11_jd_mmn25_2.cnt,f7c2ed5c2ae5b20033012d69dbdcbe9557f18e3d28421f94e4ff158b23ac897b
473_11_md_mmn47_wk.cnt,f0f3b484c9ebadd316a91d6c72a81186b24d687cd1287259f22acf5f1fd128df
414_11_jd_mmn.cnt,7b7182b2ad24f92b85099294ed542d8916af2c5bdcd01c588d4fd462c3179f94
471_11_md_mmn_36_wk_2.cnt,06606e3f84c24a1aa096c349fbbd5b1dd2439a56ce0cb3cc582a41375a698277
425_11_jd_mmn.cnt,bec15ac2801de51d3ac7f8b3aae03fc7a89ca3cd0b80825cc45b8d84dd89025b
472_11_jd_mmn_47_wk.cnt,f0767e3b367fd4f25c96dd09adf22293cf4782550e85053364573ed79d55c8d7
474_11_md_mmn36_wk.cnt,cea961c0cda3a5f07336031b3187292009c4736e5f1765c71d35dcfeb59d9264
472_11_jd_mmn_backwards_wk.cnt,cf8e8cec4b307e67c045148688adeeac62a1d453fded661d8495548373aeb37a
474_11_md_mmn58_wk.cnt,075d0b7bde54868f0085040e16316804c92db361ab40dc8f0acfc847596a0d42
478_11_jd_mmn58_wk.cnt,9144d1333e4a7368982b750e9b1c3de59b37a96754898c26f6a755aa6b0647e8
475_11_jd_mmn47_wk.cnt,cd89a7612be9ae9ed12beb8915a8d3bad4f367fa37ab625bb24e222d7532a7fe
454_11_md_mmn.cnt,467180e7afd8e7bd7fa821d9690e88ff3db80945fa349b3d0581a0183c5d222d
449_11_jd_mmn.cnt,6b00d5d82997355f449ee9d8fb029f2d858d7cfd054120710c1cf3398c962c59
473_11_md_mmn25_wk.cnt,4753684d38531f14234919823b8d57d0649225beb3cb83534edc2c61ab1376a7
484_11_md_mmn25_wk.cnt,c72068cc8adbacf637f249ab8a137386ec7279be95b241d115baf5c02cbbeec8
475_11_jd_mmn36_wk.cnt,734930d2c3755023865408d7a29056f948ebe8699c80966bde08b13ba85ec9fe
478_11_jd_mmn25_wk.cnt,570a904e08878c67f8b24b493b1916808b07c0520de4e8c10c126740fc953e63
478_11_jd_mmn47_wk.cnt,02f9c81040e04f304ea9f21ed39bef02e56ebf26133013e4868025432ab0fb71
613-176-11m-mc-mmn.cnt,68d24ddc00e7a3f30ed9b2d98931d3d44132fde632a2ce0045c4782715df7fa4
478_11_jd_mmn36_wk.cnt,c35f664eb7f21386b7085d1e0b45d5e43140c7b323858c015d2d7b94ac9a6e61
484_11_md_mmn36_wk.cnt,88bbd3eeef9cac6f97b392f9616df92d64760f594058cd68bbfd7733b1300c6a
479_11_md_mmn36_wk.cnt,22d4bb6f422c5b476a9d75aa526f63652ee4bc1eb33d893ad25075950db3c759
481_11_jd_mmn_25_wk.cnt,9d053a9db7090dec09b30b7453a6858c02e8d159cca92c7572aff919686ea7f7
474_11_md_mmn25_2_wk.cnt,a113d1014d6489d2d08dfe71ea3de8c8dd5b5dc5c9936d54dff39d0d58c42e3c
480_11_jd_mmn47_wk.cnt,4ae3d73703bb1b4b7d07701392bb0901127b9ccc37e875d38e4c11d62e7826fc
480_11_jd_mmn36_wk.cnt,036971afb4fb8d392ffb23c5c6d1b37d3d555b391ae7f4848bc586afdd642754
493_11_md_mmn_25_slp.cnt,ac6c7256267cdbb1920804d90537cc017a5a780d7c5134e34b92792f7ce5d9eb
483_11_jd_mmn36_2_wk.cnt,2d503290d7ee92a01907cbd42f36466b2e98e704b57ff41eb8a7e65444b7bbdc
479_11_md_mmn58_wk.cnt,8187d6995ab03f541ea31b6faefd58222a3ae0fc64a4b3e12adac063a1079d40
480_11_jd_mmn58_wk.cnt,c77a905d6ddc130682c41cd8010d574cd555c958638e47efc0b99d361cf8b155
485_11_md_mmn58_wk.cnt,4f1d4ffcc188562c6fa62c8498bacef87e007c9008d8fc2488cdf995e79cc7f7
483_11_jd_mmn25_wk.cnt,aa00e6f68d982f7078fea76d71eebcc440ddd9a206a27ebc3bc1570b4615b8cb
485_11_md_mmn25_wk.cnt,18e5982fe7bf90069b481ce230efa6d9cf0985b81ad963c8bbfc0b4aa2e9e866
611-157-11m-mc-mmn.cnt,f4bf3af0b15e9db43dcd7d8a97c5efa7f07397ae6f27fe07461d5ee50b65a492
482_11_md_mmn47_wk.cnt,186763b911d99c2dbebcb3c5206a8ba5ae6a765027622120b1cff19081c13684
494_11_jd_mmn36_wk.cnt,0bba545d76dcff1a80a1252926bb7c4a33e4349ce814e3fd300329209e46a88a
481_11_jd_mmn_36_slp.cnt,983f1999848a5f1e96619830fde92e3dc7b8a954be08bea20d9e9dfa6cdb9724
479_11_md_mmn47_wk.cnt,9f7dfdba070c6f445b7fd6aac7c3d0eed5bbc9239bde7042dcc887385d79f2e6
482_11_md_mmn58_wk.cnt,b89b0f048b9ebea8d35f2df0b062302826379818ed2ba87e22488755758c22eb
488_11_jd_mmn47_wk.cnt,08fb919420748b839f638974807685272b615ac1192e0fc57cf2d6d016470228
608-170-11m-mc-mmn36-slp.cnt,44915db56a27fa18a4b160e6e3e4d127ec8506766ba60606915482ba611e7c43
482_11_md_mmn36_wk.cnt,7cb335082b737228089f88fcfddd93385811314ac151d2dc84c1ed7e8da3f9dd
494_11_jd_mmn58_wk.cnt,646b98bfd69ee63a730927528532c892da5a5235bdea457f4c8f0c1baaa30de0
493_11_md_mmn_25_wk.cnt,5b6c138e8d054658dcb589aea588684fe8da133f7bdaa33a0406f4c0ce42e31c
619-247-11m-mc-mmn2.cnt,c9a6b00faed747adec7ca975ee92824b3555315dc4f70346aeaa987ca0ff36ea
491_11_jd_mmn58.cnt,3633461a81da0eb6ca8dfce3ff6d89f9be2ed1adf418a34854de873c7d93e6e1
484_11_md_mmn47_wk.cnt,07d744a19a88843a13605434c8b95a913ad8a2f33fd369cfbbb516fcaa889e77
485_11_md_mmn47_wk.cnt,33dd9d3e7c3f7762ef094844ff0a5e9d35cd75ed82942a9be78ba6f63090493d
491_11_jd_mmn25_slp.cnt,df83c9ae29f04c1bde1537ea1401f32947dd71af12d96e81cf20e3fd3db2a6ad
482_11_md_mmn25_wk.cnt,ea6ce0600f0243551e6db164d675548abba18b0b642afafe2e7fbd7dffd11a89
487_11_md_mmn47_wk.cnt,13e706d155e435f1a88b1a24e90a10b708eddf6274cf01854ffcc2ad61250099
497_11_jd_mmn47_slp.cnt,e6e0e4f7950690a2121fca0a87d148f8a43bc5d9f415aee4d570b044f6abf959
479_11_md_mmn25_wk.cnt,afb5d6ec1a7215946057e5d186a97cdc15442c38bafaac416e4b0b011b79fb0c
485_11_md_mmn36_wk.cnt,4c3cadb4b7203a421de73458146135c5ff7b869fd811dd9bf4aeebdf4953bfd7
486_11_jd_mmn25_wk.cnt,b5870bccfbe800a1895e2a19bd8d12a570d8b3c0b2d436dad45d89a5955d6357
472_11_jd_mmn_csa.cnt,3a4d81612b027fd43b4403d33d928175ddd3bf68537c52dade2bcc403734f8e2
486_11_jd_mmn47_wk.cnt,83d75c8dc9f6610862b55eb106f74d6c252ef93e73ac33e4f2b025166fa646b2
494_11_jd_mmn25_wk.cnt,c228e6845fbcd2a1e6fb4a27e27978b24bb5b3eb58c3be451d1ac5ff1944da2e
493_11_md_mmn_36_wk.cnt,aa551ab235cef0c8d5cd9dce517526ccbd1026c02bdb0242468ab94e7489a649
613-176-11m-mc-mmn2-slp.cnt,1149bec1b8277e92bdeba02e52c6da83d09d00d72296180cfac53a04e8885989
484_11_md_mmn58_wk.cnt,7112ae176ae8fef4b29beb36013d8cee020f7ff06f3682b98dad1e5ac6d2b5ed
488_11_jd_mmn58_wk.cnt,ef3dc2f2a954f30a5771b34c31213854a63a0a605833fea4de74380b9445bba9
487_11_md_mmn58_wk.cnt,5e886466c68da394e224e293efbb9e5868d2d9f224290b8223c714a093619d3c
609-158-11m-jc-mmn-rst.cnt,445353390541169b55680cd8843b713179b95263c959563bb8b02c9a37563a7e
604-133-11m-jc-mmn-rst.cnt,66aa32ec9c13e0a9a9e9c7bffc159ec1de1482403abf1dc1b063006ccee6b5ca
491_11_jd_mmn36_slp.cnt,50a9e66264a0b1c82cc98727434f8afb29ee4a17b6e1af1b151a422aab68031c
488_11_jd_mmn36_wk.cnt,88536c13348b1613b9f02070e462fab7a9e875adca64d84bcc79165d2149179f
483_11_jd_mmn36_wk.cnt,07eaa60077b10e516f83a79e0bc52237082cd497c1c539f19a293e0705ea0e9f
496_11_jd_mmn36_slp.cnt,eb5683de79d4717b33e1e4113aadeaed92300d75ad05853c81bdfb087e1d2f1f
617-289-11m-mc-mmn.cnt,e585ae7f13166859b12fd4efa72b43188537a9e2c0a7967f0936d9ac3871a50d
486_11_jd_mmn36_wk.cnt,157b69c9b8e6f1687f1c8ef049e50471c158ee0016ff4620728dc88f66517dbc
610-185-11m-jc-mmn2-rst.cnt,ae45b0177738367367d9c88ffa8ebbc084e6a8e769dba82d9cdbd30118740f89
493_11_md_mmn_36_slp.cnt,2d5e9bf3729fe3995851b061691127edb914675825733a954c753faf717e8d0a
487_11_md_mmn36_wk.cnt,0dadf3143cc02b18a6a5b2a980fb333464cff3e19af67bb61242e62592203bf2
608-170-11m-mc-mmn47-slp.cnt,e9aae8fa3488cdaebd7514d9621c9da83b2cba3e02f7e70834959651e61bb238
614-228-11m-jc-mmn-rst.cnt,0203411585e73c17193e27f10caae47d1a5f4a394e74bd4b241f1774f3eb9a4c
616-240-11m-mc-mmn3.cnt,e068b78ef167972201292f7a68a32c4564590466633c1ab015d222e9129830a4
494_11_jd_mmn47_wk.cnt,f0df09ea5d5e8fc43e10310daf540a193a9291d98292aa255975c7cf53c801b0
608-170-11m-mc-mmn25-slp.cnt,ea3e8713d5235a777377f77b6799cdbb71f92434985620955008a2bf05e5b62a
610-185-11m-jc-mmn-rst.cnt,aa78efd0b03e3e878dc693f60984afc5fefd036ecae04b92c69b5983ac612f43
608-170-11m-mc-mmn58-slp.cnt,1f196d39ab19f6e11d4adff0c85c8d5e077436eef57a497df5a03aa5c86548ea
487_11_md_mmn25_wk.cnt,6738302c41d5086677caaef175905d9870c3e2a75970495cf50c1b6be04cdbe5
491_11_jd_mmn47_slp.cnt,3a429edcbbd6ea4dbb042f4c373bcf672e10a193a43ac2ce556938df902534e8
496_11_jd_mmn58_slp.cnt,ad821a22eb6c2f9102923c233b2b3271ed1bc21fa28a5a32b32549b93032f555
628-369-11m-mc-mmn36.cnt,4ddd02c56d873392e7939df42c5728a58508d228a31808b3032538906e71430c
488_11_jd_mmn25_wk.cnt,49a9398d56c841e0d586db1d8984459266848bb239e5f1776b97f8ad8707cb59
609-158-11m-jc-mmn-rst2.cnt,6bfe70d274babd9a32baebeb7391de2ac66f82180a0eddf07c67db2d6cc27f55
496_11_jd_mmn47_slp.cnt,934f7adf064eb44eb93fb5abb2cdb5ac5195e37668afe3eee28de37ae5a3535b
616-240-11m-mc-mmn.cnt,4006ff59e9d20e6463cbea6f2f164e81331fb14017e187a548285720d422c324
496_11_jd_mmn25_wk.cnt,dd4be12fc4716bc7052058a6d2d4e26f072f01f3e493c185030a6080efa919bd
486_11_jd_mmn58_wk.cnt,64331096eeb3de9f67af4f9cfabc4ecd6fa7f5dd66ae8eb7d05240987bb111c1
619-247-11m-mc-mmn.cnt,85c8b13d737a51dc82965a4216139a38b39681a5422d1a680dda99d4e4265d87
617-289-11m-mc-mmn2.cnt,27df309fc385278138d73de777cd9e2a4af6d3c04a7bb7837ebd321106740169
483_11_jd_mmn47_wk.cnt,663dcc38aecdda8c1679c0b5edeac8990f723710b054378d23d4daad4b584dfe
622-189-11m-jc-mmn36slp.cnt,cc05d9a802cfbba1564f2f6c685e9629c3efa13800d58c6e101f9e07c089e6dc
497_11_jd_mmn25_slp.cnt,4066c9bfbec04351fa6e27316e07244ceb2725d3e41866f34eaeacead3e255d6
612-486-11m-jc-mmn-slp.cnt,12e51a37fb3a5dea681b1aadd9e38634fc1c3c1342345a61d34a34f6c1f7b0dc
497_11_jd_mmn36_slp.cnt,303a6124b620dbceb8d47880ca4edd8b4e6843e5757922aa9c4a8fc7c1363bce
613-176-11m-mc-mmn3-dummy.cnt,6fc13b950062eb3b834a506ad08c29b33ba3ec3cd0c28d068af987c2205df984
629-357-11m-jc-mmn36-waak.cnt,667069e8d1a0fbafbfd57c990b4b468619d29edb2e473ad6f77f4f11fefeb01f
621-241-11m-jc-mmn.cnt,9fa66db7f854fe046448dec22d50de536507b1df2af5d5610c0dea926b837010
622-189-11m-jc-mmn25slp.cnt,a0fc26be8a34c4ba448f73cdbe05625f3254fb34757b2a8d8d45174a81acdd7a
628-369-11m-mc-mmn25.cnt,c9602426d8e212cf27de5d9235fd0774ac27363169c99ce7956bb25dd49b1230
497_11_jd_mmn58_slp.cnt,428776fe632b364bf272066074b0fba8ba8534cb7cf899a9c272c71a129e109a
636-468-11m-jc-mmn25.cnt,0b91f381b49494e91502454f6901855ce5a6967896f4b11b656cd09983b6b3e1
615-240-11m-mc-mmn.cnt,1d0c9e97a8fa3a7bb97f3f4306e4904cd1516ddf2e79dcbb7bb5f98d707e6e44
626-733-11m-mmn36_2.cnt,a819fceddb261795d5322aac5a054417c3cde77917ebc14c8920d67fa0f09efb
620-313-11m-jc-mmn3.cnt,168b921a01a33a67dd97ae49b54350c4753d81f56944e73bd564d76b96c7c071
620-313-11m-jc-mmn2.cnt,7fbc04bbcbcd469eae4e5b8261ebef11dab177bcf551d39dfffcff6eaf16fa0b
622-189-11m-jc-mmn36waak.cnt,f1ea55e78a82d49fd5b08d97e3a7177a2ab213dd69b97b9ba63e7fa912f529a8
008_11_jc_mmn.cnt,ee4f88b5b347766f41a4f674ee0aa81ebd294c7c191bb254052eaeca17cff248
626-377-11m-mmn25.cnt,175f5b20f2ea8fb51ccc65ee927c066b7fa8693bb003fba6f7a414abc99f002e
632-399-11m-jc-mmn25-waak.cnt,deac2399816e139eddcbc49b43943e72c85798f2573d6ea6e3dcf1e4254e5670
630-372-11m-jc-mmn36.cnt,dcad31a1f547f15a1360026c430d5889e6d3eafc8f1fa2b20746a82dac06a819
630-372-11m-jc-mmn25.cnt,945fd214390c9309d61dc218cfa8b974fa23811dc70864fa25e71e539c435878
629-357-11m-jc-mmn25-waak.cnt,493999bd7148b483f37f0d3e0310e6fb316632bc7194b0337812db21a34ee853
635-364-11m-mc-mmn36-2-slp.cnt,1e37e43d75e5f7ef52529b0f3465a12a8818f2220b206f85b10a117e25273764
621-241-11m-jc-mmn2.cnt,0201837690768bbaea2d1c86ffbda6a33df9b7b9b8996e09013a828a887b8bf3
632-399-11m-jc-mmn58-slp.cnt,f5354014ae0d106bb8e52a7f58b3c4c059446c1a9127a2423ccbe2dbcdf90b1d
701-008-11m-jr-mmn36.cnt,1f732589a8786b470ecf3e5c8de27fe8308e1b3f847c1d503cc5018385efb407
632-399-11m-jc-mmn47-slp.cnt,afdc5503a2b872160d6aa72631ba297a77b0d4b20065a974e5780f8f86fad8a0
618-163-11m-jc-mmn.cnt,4c00ae4d6fdeb625aac04c882e88b8b747b3e99b186ed2e87322100413bb1c3e
641-476-11m-jc-mmn36-2-waak.cnt,d054b200f35598ceecec3b3c9589b6f35a78782ef9925d7d5c0f3ce780131e9c
633-403-11m-jc-mmn36.cnt,c6d70f003994a13b1cbfe49ee2c81d88c2adb3a5f674f2e69c43f6d8a60222d8
641-476-11m-jc-mmn36-3-waak.cnt,d1ce56b1aa2954d49c78d0d88d261380dac7180533bb1f9826d6c546a5a76d5e
642-485-11m-jc-mmn36b.cnt,99eb0541965667a7cb74e6f5f7721f5ee276f11bd9eece25c54aa5d19515be78
635-364-11m-mc-mmn25-slp.cnt,63a201e1779e6e4e0da48a7ad6744b2ed3d7682768a023cfa349c8bd12ac57ce
632-399-11m-jc-mmn47dummy-slp.cnt,8ab16c1336caa2566e0f359e8869e5c19874e7b62329c4e5c572f5b76a028cb4
642-485-11m-jc-mmn36.cnt,8e0a5324d523f6771a7e29bebc7c09f8dce550640c03403110991d5ed28cd0a4
636-468-11m-jc-mmn36-2.cnt,b44aafcd5cc0ee5d82da54c159e74a0906ce93e7c92b7ff5916593dc4daad508
639-484-11m-jc-mmn36.cnt,64dcb9a42d38358b9b938653c5935086cdd0b906f8658a313c271025637646dc
641-476-11m-jc-mmn36-waak.cnt,afe397754f410e9da996cbedc6e65a4199cd0643454c5af2616dcadc47139a07
637-479-11m-mc-mmn36.cnt,c6366c3ec22e8a749e6b07aa27232d5e543c15af2b8b8e8144906f822d961918
636-468-11m-jc-mmn36.cnt,970259f1ecec88a35fe4bc5695e4d68a78d7678ae78e31d5858f9e93e356fe8b
640-464-11m-jc-mmn36.cnt,88d075c5ab00e5b7d1f66ca8cd779d90248d1321c8129a7c22c5d8b0328949a1
639-484-11m-jc-mmn25.cnt,dc6aa173a8b89c02228344c4ae2ea0fbe8e022e8b4e8abe6b6669274929e144c
646-478-11m-mc-mmn36.cnt,07662ad68cf75aaac907bb73a1e7b1bd0b58e87d943b2ff72af31a8381456387
642-485-11m-jc-mmn25.cnt,2818882c9c8cc61c29422b2f1341aa8969942a1216abb058b94b961fc43d40c6
633-403-11m-jc-mmn25.cnt,bd24f2f9c69c3226b511c73d9ffbb9e9820923842aa21b7874a17077a4064143
702-071-11m-jd-mmn-rst.cnt,0b6822c320591aae7adac0e7a9dc2dd915f6c55565686c89149ad5c0e4a0d9d9
646-478-11m-mc-mmn36-2.cnt,b10f9aa130b06f9710226390bfe208a80922dfca18cc65ea86d3b273c4aa808d
640-464-11m-jc-mmn36-2.cnt,33db3b69852852be38c63893dd1971f6de317878a902cc1b87ad5f6614b699fb
009_11_jc_mmn36_wk_mmn25_wk.cnt,4c7fa75928a626f47f163bae97e0fefddc1cc2538b0357378f5d7d20f43ff8b5
004_11_mc_mmn.cnt,58afdca5fb5a9649b8c8f7ecd8878c84231eb1a9bbbc7e3e1e115ed92f57f60a
005_11_jc_mmn2.cnt,0c4ec7ebaafab69205e43e627a279c2e8e3ba8b17a292637607aabe3409cda50
009_11_jc_mmn47_wk.cnt,a0ecbdd959d694ced8e850f4e990c942a446f23cdbd0c1e6ddade14f9b023647
008_11_jc_mmn_3.cnt,f6cb9ac271420ad9ec860a0a30d0990d2c38e32fd6a583ecfda6125b0d5bc737
003_11_jc_mmn36_slp_mmn25_wk_mmn47_slp_mmn58_slp.cnt,ddcf230d625a4542f252bdcf990af9b80b189e23f51da9dc647a9c932269abad
001_11_jc_mmn36_wk_mmn25_wk_mmn47_wk_mmn58_wk.cnt,f4d67aae1412142198e6df3f1de4c79f1bdc68443431cda6c1b1628091820b45
007_11_jc_mmn36_wk_mmn25_wk.cnt,bd3ba62b334771d31ea8cedeb8156046b0c1565bdaa6b70fac74823493327bb2
008_11_jc_mmn_36_slp_mmn25_slp_mmn47_wk_2.cnt,906b388ae750aa5ff895e8bdd3b50bbd4e0b1f01fd763e24a5b4c429d38ba2af
007_11_jc_mmn2_36_wk.cnt,65132717e434f943b6b2d3fb22d7f9618a0ece49d97bc4e2e54c27be5cc0bee4
010_11_jc_mmn2.cnt,d337f2e0e9273e2eb72f534c3bc52ef23cd487cbc8d3e0eb312eadab17e434bf
011_11_jc_mmn36_wk_mmn47_wk.cnt,d5ebc37d72dc57b9e6a3900a9f63042d48d6b60d4fcea79171996e849343411a
017_11_jc_mmn36_mixed_mmn25_slp.cnt,3033307d3a92a006cb21c42da91983c3cc95ff6647a6beb33f200463f335b294
015_11_jc_mmn36_slp_mmn25_slp_mmn47_slp_mmn58_slp.cnt,2f8614f0e3f14f28014802bf0967b7727f0ed399c521125a091cefaf2f73a978
018_11_mc_mmn.cnt,20d0f78a3835bc2fc049f75a4449e1dabf6b72bbab0a3e3f76b3badbb885d4e9
014_11_mc_mmn36_wk_mmn25_wk.cnt,c0b522d4174c83403dd3d406d395327b51c8b28d2094908149d96a78e224ade5
016_11_jc_mmn36_wk.cnt,2052272b4611a855b9faff6618d48bd30ea2a256297d56c0bc68eee56538e651
010_11_jc_mmn36_wk_mmn25_wk.cnt,fc7ccb480df18fe6ccc97464e70042f043bd4e856036e80fd0549000a96766db
